Mercedes E 220,14800,2000,2.2,249000,AZN,1.00
Mercedes E 220,15800,1999,2.2,333000,AZN,1.00
Mercedes E 220,20500,2008,2.2,260000,AZN,1.00
Mercedes E 220,6600,1994,2.2,356000,AZN,1.00
Mercedes E 220,10400,1998,2.2,288000,AZN,1.00
Mercedes E 220,22000,2007,2.2,260000,AZN,1.00
Mercedes E 220,24000,2007,2.2,244000,AZN,1.00
Mercedes E 220,4700,1994,2.2,330000,AZN,1.00
Mercedes E 220,11600,1999,2.2,389000,AZN,1.00
Mercedes E 220,14500,2000,2.2,398000,AZN,1.00
Mercedes E 220,11999,1999,2.2,223000,AZN,1.00
Mercedes E 220,12500,2001,2.2,236000,AZN,1.00
Mercedes E 220,12500,1999,2.2,286400,AZN,1.00
Mercedes E 220,14500,2000,2.2,323000,AZN,1.00
Mercedes E 220,14800,2003,2.2,320000,AZN,1.00
Mercedes E 220,12950,2000,2.2,378000,AZN,1.00
Mercedes E 220,10600,2006,2.2,278000,$,1.70
Mercedes E 220,13700,2002,2.2,279000,AZN,1.00
Mercedes E 220,29900,2013,2.2,186425,$,1.70
Mercedes E 220,20900,2009,2.2,254000,$,1.70
Mercedes E 220,29900,2014,2.2,170000,$,1.70
Mercedes E 220,10600,1999,2.2,340000,AZN,1.00
Mercedes E 220,15000,2000,2.2,228600,AZN,1.00
Mercedes E 220,13500,2000,2.2,313000,AZN,1.00
Mercedes E 220,7800,1994,2.2,300000,AZN,1.00
Mercedes E 220,8200,1994,2.2,180000,AZN,1.00
Mercedes E 220,14500,2003,2.2,270000,AZN,1.00
Mercedes E 220,18450,2008,2.2,282000,AZN,1.00
Mercedes E 220,8000,1995,2.2,389000,AZN,1.00
Mercedes E 220,17700,2006,2.2,287000,AZN,1.00
Mercedes E 220,11600,1999,2.2,389000,AZN,1.00
Mercedes E 220,15300,2001,2.2,328600,AZN,1.00
Mercedes E 220,26500,2013,2.2,117000,$,1.70
Mercedes E 220,22600,2007,2.2,256000,AZN,1.00
Mercedes E 220,15400,2000,2.2,286500,AZN,1.00
Mercedes E 220,17500,2007,2.2,223700,AZN,1.00
Mercedes E 220,14200,1999,2.2,470000,AZN,1.00
Mercedes E 220,30900,2015,2.2,133977,$,1.70
Mercedes E 220,13650,1999,2.2,246900,AZN,1.00
Mercedes E 220,10500,1997,2.2,420000,AZN,1.00
Mercedes E 220,10500,1999,2.2,322000,AZN,1.00
Mercedes E 220,10400,1999,2.2,521000,AZN,1.00
Mercedes E 220,24500,2012,2.2,137000,$,1.70
Mercedes E 220,22700,2008,2.2,236000,AZN,1.00
Mercedes E 220,13800,2001,2.2,337000,AZN,1.00
Mercedes E 220,8900,1997,2.2,412000,AZN,1.00
Mercedes E 220,13800,2000,2.2,364513,AZN,1.00
Mercedes E 220,13000,2002,2.2,346000,AZN,1.00
Mercedes E 220,18300,2006,2.2,280521,AZN,1.00
Mercedes E 220,55500,2016,2.2,41500,$,1.70
Mercedes E 220,14500,2000,2.2,240315,AZN,1.00
Mercedes E 220,14300,2004,2.2,239000,AZN,1.00
Mercedes E 220,23500,2007,2.2,20000,AZN,1.00
Mercedes E 220,13600,2001,2.2,344403,AZN,1.00
Mercedes E 220,13400,1999,2.2,496000,AZN,1.00
Mercedes E 220,15200,2000,2.2,252000,AZN,1.00
Mercedes E 220,16800,2000,2.2,222000,AZN,1.00
Mercedes E 220,14400,2000,2.2,447000,AZN,1.00
Mercedes E 220,27900,2013,2.2,93000,$,1.70
Mercedes E 220,15500,2001,2.2,328000,AZN,1.00
Mercedes E 220,17400,2008,2.2,249000,AZN,1.00
Mercedes E 220,22500,2006,2.2,380000,AZN,1.00
Mercedes E 220,128000,1999,2.2,285000,AZN,1.00
Mercedes E 220,21000,2009,2.2,219000,$,1.70
Mercedes E 220,24900,2008,2.2,180000,AZN,1.00
Mercedes E 220,7500,1993,2.2,111960,AZN,1.00
Mercedes E 220,13500,2000,2.2,250000,AZN,1.00
Mercedes E 220,7800,1995,2.2,525000,AZN,1.00
Mercedes E 220,13200,1999,2.2,390000,AZN,1.00
Mercedes E 220,12200,2002,2.2,327900,AZN,1.00
Mercedes E 220,14800,2001,2.2,317000,AZN,1.00
Mercedes E 220,18500,2009,2.2,222387,$,1.70
Mercedes E 220,36900,2015,2.2,63000,$,1.70
Mercedes E 220,22500,2009,2.2,248000,AZN,1.00
Mercedes E 220,17500,2004,2.2,280000,AZN,1.00
Mercedes E 220,14800,2002,2.2,290000,AZN,1.00
Mercedes E 220,12500,2001,2.2,298000,AZN,1.00
Mercedes E 220,21800,2011,2.2,172000,$,1.70
Mercedes E 220,6400,1993,2.2,497320,AZN,1.00
Mercedes E 220,13400,2003,2.2,262000,AZN,1.00
Mercedes E 220,8000,1996,2.2,305095,AZN,1.00
Mercedes E 220,13500,2000,2.2,350000,AZN,1.00
Mercedes E 220,16900,2005,2.2,208000,AZN,1.00
Mercedes E 220,6800,1994,2.2,289000,AZN,1.00
Mercedes E 220,13500,2000,2.2,278462,AZN,1.00
Mercedes E 220,5800,1995,2.2,500000,AZN,1.00
Mercedes E 220,12900,2000,2.2,350000,AZN,1.00
Mercedes E 220,16800,2001,2.2,253000,AZN,1.00
Mercedes E 220,15600,2004,2.2,205000,AZN,1.00
Mercedes E 220,30900,2013,2.2,115454,$,1.70
Mercedes E 220,6400,1992,2.2,483254,AZN,1.00
Mercedes E 220,11500,2000,2.2,230000,AZN,1.00
Mercedes E 220,13500,2001,2.2,278000,AZN,1.00
Mercedes E 220,27400,2013,2.2,187000,$,1.70
Mercedes E 220,13700,2000,2.2,285000,AZN,1.00
Mercedes E 220,12000,1999,2.2,286112,AZN,1.00
Mercedes E 220,19750,2008,2.2,173000,$,1.70
Mercedes E 220,40000,1993,2.1,320000,AZN,1.00
Mercedes E 220,18800,2010,2.2,177177,$,1.70
Mercedes E 220,20800,2010,2.2,185000,$,1.70
Mercedes E 220,18700,2006,2.2,270000,AZN,1.00
Mercedes E 220,16900,2005,2.2,340000,AZN,1.00
Mercedes E 220,28300,2014,2.2,111000,$,1.70
Mercedes E 220,13500,2001,2.2,318000,AZN,1.00
Mercedes E 220,14700,2002,2.2,275000,AZN,1.00
Mercedes E 220,19700,2006,2.2,198600,AZN,1.00
Mercedes E 220,15800,2001,2.2,311000,AZN,1.00
Mercedes E 220,13600,2000,2.2,390000,AZN,1.00
Mercedes E 220,13800,2000,2.2,455000,AZN,1.00
Mercedes E 220,16000,2003,2.2,322000,AZN,1.00
Mercedes E 220,13200,2000,2.2,319231,AZN,1.00
Mercedes E 220,15500,2000,2.2,276000,AZN,1.00
Mercedes E 220,12800,1999,2.2,310000,AZN,1.00
Mercedes E 220,21500,2008,2.2,240000,AZN,1.00
Mercedes E 220,8400,1994,2.2,368956,AZN,1.00
Mercedes E 220,14500,2002,2.2,230000,AZN,1.00
Mercedes E 220,13199,2001,2.2,280000,AZN,1.00
Mercedes E 220,16500,2002,2.2,280000,AZN,1.00
Mercedes E 220,9000,1993,2.2,444000,AZN,1.00
Mercedes E 220,23400,2012,2.2,143000,$,1.70
Mercedes E 220,13500,2003,2.2,220000,AZN,1.00
Mercedes E 220,13500,2001,2.2,416120,AZN,1.00
Mercedes E 220,16000,2002,2.2,220000,AZN,1.00
Mercedes E 220,11900,1999,2.2,330000,AZN,1.00
Mercedes E 220,14500,2002,2.2,305241,AZN,1.00
Mercedes E 220,19000,2009,2.2,166000,$,1.70
Mercedes E 220,19400,2011,2.2,178000,$,1.70
Mercedes E 220,17000,2002,2.2,223130,AZN,1.00
Mercedes E 220,13500,2001,2.2,258963,AZN,1.00
Mercedes E 220,7200,1992,2.2,405000,AZN,1.00
Mercedes E 220,7400,1995,2.2,237000,AZN,1.00
Mercedes E 220,7500,1993,2.2,440000,AZN,1.00
Mercedes E 220,12800,1998,2.2,273655,AZN,1.00
Mercedes E 220,13300,2000,2.2,298000,AZN,1.00
Mercedes E 220,16200,2001,2.2,320000,AZN,1.00
Mercedes E 220,15700,2002,2.2,401000,AZN,1.00
Mercedes E 220,19800,2006,2.2,218676,AZN,1.00
Mercedes E 220,22500,2007,2.2,235458,AZN,1.00
Mercedes E 220,13500,1999,2.2,274000,AZN,1.00
Mercedes E 220,11900,1995,2.2,240000,AZN,1.00
Mercedes E 220,15500,1999,2.2,100320,AZN,1.00
Mercedes E 220,31500,2014,2.2,126700,$,1.70
Mercedes E 220,15800,2011,2.2,306000,$,1.70
Mercedes E 220,19000,2006,2.2,330000,AZN,1.00
Mercedes E 220,23500,2005,2.2,156000,AZN,1.00
Mercedes E 220,15300,2001,2.2,340000,AZN,1.00
Mercedes E 220,6800,1993,2.2,149811,AZN,1.00
Mercedes E 220,21300,2010,2.2,215000,$,1.70
Mercedes E 220,22900,2011,2.2,169800,$,1.70
Mercedes E 220,22900,2011,2.2,169800,$,1.70
Mercedes E 220,21500,2005,2.2,234446,AZN,1.00
Mercedes E 220,21500,2005,2.2,234446,AZN,1.00
Mercedes E 220,12600,1999,2.2,260478,AZN,1.00
Mercedes E 220,12600,1999,2.2,260478,AZN,1.00
Mercedes E 220,15900,2000,2.2,410200,AZN,1.00
Mercedes E 220,14000,1998,2.0,279555,AZN,1.00
Mercedes E 220,47600,2017,2.2,39500,$,1.70
Mercedes E 220,34500,2015,2.2,130000,$,1.70
Mercedes E 220,25000,2010,3.0,148000,$,1.70
Mercedes E 220,13000,1998,2.2,600000,AZN,1.00
Mercedes E 220,39500,2017,3.5,20000,$,1.70
Mercedes E 220,26000,2013,2.2,196000,$,1.70
Mercedes E 220,15300,2007,2.2,507000,AZN,1.00
Mercedes E 220,11900,2007,2.2,507000,AZN,1.00
Mercedes E 220,24900,2009,2.2,164250,AZN,1.00
Mercedes E 220,24900,2007,2.5,314000,AZN,1.00
Mercedes E 220,16200,2000,2.2,310000,AZN,1.00
Mercedes E 220,8200,1994,2.2,360000,AZN,1.00
Mercedes E 220,8200,1994,2.2,360000,AZN,1.00
Mercedes E 220,14300,2001,2.2,334542,AZN,1.00
Mercedes E 220,14300,1995,2.0,168500,AZN,1.00
Mercedes E 220,20200,2010,2.2,224300,$,1.70
Mercedes E 220,22800,2012,2.2,206000,$,1.70
Mercedes E 220,15800,2002,2.2,395065,AZN,1.00
Mercedes E 220,22800,2012,2.2,206000,$,1.70
Mercedes E 220,8300,1995,2.2,323290,AZN,1.00
Mercedes E 220,8300,1995,2.2,323290,AZN,1.00
Mercedes E 220,19500,2004,2.2,325000,AZN,1.00
Mercedes E 220,19500,2004,2.2,325000,AZN,1.00
Mercedes E 220,26900,2014,2.2,109000,$,1.70
Mercedes E 220,17000,1983,2.3,300000,AZN,1.00
Mercedes E 220,17000,2005,2.2,260000,AZN,1.00
Mercedes E 220,115500,2019,2.0,0,AZN,1.00
Mercedes E 220,10600,1997,2.0,269000,AZN,1.00
Mercedes E 220,13500,1999,2.2,277977,AZN,1.00
Mercedes E 220,14900,2000,2.2,225000,AZN,1.00
Mercedes E 220,8450,1994,2.2,320000,AZN,1.00
Mercedes E 220,19500,2009,2.2,240000,AZN,1.00
Mercedes E 220,19500,2009,2.2,240000,AZN,1.00
Mercedes E 220,28500,2013,2.2,160000,$,1.70
Mercedes E 220,16300,2001,2.2,331000,AZN,1.00
Mercedes E 220,24200,2007,2.2,199200,AZN,1.00
Mercedes E 220,24200,2012,3.8,152000,AZN,1.00
Mercedes E 220,6600,1993,2.2,196852,AZN,1.00
Mercedes E 220,28500,2013,2.2,160000,$,1.70
Mercedes E 220,67500,2019,2.2,0,$,1.70
Mercedes E 220,12000,2004,2.2,265660,$,1.70
Mercedes E 220,8000,1995,1.8,223000,AZN,1.00
Mercedes E 220,14500,2002,2.2,254000,AZN,1.00
Mercedes E 220,11900,2007,1.9,226700,AZN,1.00
Mercedes E 220,13200,1999,2.2,324000,AZN,1.00
Mercedes E 220,2600,1999,2.4,270000,AZN,1.00
Mercedes E 220,7300,1995,2.2,200000,AZN,1.00
Mercedes E 220,14700,2001,2.2,358000,AZN,1.00
Mercedes E 220,15300,2001,2.2,375654,AZN,1.00
Mercedes E 220,17500,2005,2.2,154000,AZN,1.00
Mercedes E 220,15100,2002,2.2,273450,AZN,1.00
Mercedes E 220,33900,2015,2.2,119000,$,1.70
Mercedes E 220,13300,1998,2.2,383000,AZN,1.00
Mercedes E 220,16200,2000,2.2,466000,AZN,1.00
Mercedes E 220,12900,2001,2.2,318000,AZN,1.00
Mercedes E 220,28250,2006,2.2,241000,AZN,1.00
Mercedes E 220,15500,2000,2.2,283756,AZN,1.00
Mercedes E 220,10800,2000,2.8,210000,AZN,1.00
Mercedes E 220,14300,2000,2.2,297000,AZN,1.00
Mercedes E 220,23000,2006,2.2,188311,AZN,1.00
Mercedes E 220,8500,1995,2.2,360000,AZN,1.00
Mercedes E 220,19000,2001,2.2,414000,AZN,1.00
Mercedes E 220,14900,2008,2.2,242000,AZN,1.00
Mercedes E 220,11300,2011,1.5,108500,AZN,1.00
Mercedes E 220,16700,2013,3.8,84000,AZN,1.00
Mercedes E 220,14800,2004,2.5,237000,AZN,1.00
Mercedes E 220,12800,2014,1.6,183000,AZN,1.00
Mercedes E 220,7800,1993,2.2,385000,AZN,1.00
Mercedes E 220,17000,2007,2.2,179000,$,1.70
Mercedes E 220,9250,1995,2.2,330000,AZN,1.00
Mercedes E 220,12300,2006,1.5,128000,AZN,1.00
Mercedes E 220,13500,2009,1.6,120000,AZN,1.00
Mercedes E 220,16600,2003,2.2,338177,AZN,1.00
Mercedes E 220,31500,2014,2.2,105000,$,1.70
Mercedes E 220,27499,2007,2.2,175900,AZN,1.00
Mercedes E 220,27300,2008,2.2,274000,AZN,1.00
Mercedes E 220,20000,2009,2.2,254000,$,1.70
Mercedes E 220,14700,2000,2.2,339000,AZN,1.00
Mercedes E 220,25900,1998,2.0,200000,AZN,1.00
Mercedes E 220,3800,2014,2.0,122000,AZN,1.00
Mercedes E 220,6350,1994,2.2,342234,AZN,1.00
Mercedes E 220,14200,2000,2.2,268500,AZN,1.00
Mercedes E 220,14800,2001,2.2,320000,AZN,1.00
Mercedes E 220,28800,2013,3.0,105000,AZN,1.00
Mercedes E 220,17200,2000,2.2,359000,AZN,1.00
Mercedes E 220,13600,2003,2.2,224843,AZN,1.00
Mercedes E 220,8300,1992,2.2,350000,AZN,1.00
Mercedes E 220,23500,2007,2.5,250016,AZN,1.00
Mercedes E 220,14900,1999,2.2,340000,AZN,1.00
Mercedes E 220,59500,2018,2.2,1400,$,1.70
Mercedes E 220,38500,2015,2.0,54500,$,1.70
Mercedes E 220,17500,2003,2.2,420000,AZN,1.00
Mercedes E 220,17500,2002,2.2,258630,AZN,1.00
Mercedes E 220,15500,2000,2.2,399649,AZN,1.00
Mercedes E 220,28200,2013,2.2,123200,$,1.70
Mercedes E 220,15500,2000,2.2,340000,AZN,1.00
Mercedes E 220,23000,2012,2.2,165000,$,1.70
Mercedes E 220,19500,2006,2.2,278000,AZN,1.00
Mercedes E 220,27500,2008,2.2,123000,AZN,1.00
Mercedes E 220,13500,2000,2.2,312780,AZN,1.00
Mercedes E 220,9000,1995,2.2,300000,AZN,1.00
Mercedes E 220,16500,2000,2.2,259000,AZN,1.00
Mercedes E 220,37900,2015,2.2,89144,$,1.70
Mercedes E 220,23800,2011,2.2,136000,$,1.70
Mercedes E 220,13800,2001,2.2,250000,AZN,1.00
Mercedes E 220,25000,2007,2.2,220000,AZN,1.00
Mercedes E 220,15950,2004,2.2,311000,AZN,1.00
Mercedes E 220,12500,1999,2.2,439000,AZN,1.00
Mercedes E 220,19000,2010,2.2,186000,$,1.70
Mercedes E 220,16500,2002,2.2,327000,AZN,1.00
Mercedes E 220,52500,2008,1.5,327000,$,1.70
Mercedes E 220,18300,2004,2.2,322994,AZN,1.00
Mercedes E 220,22000,2005,2.2,222000,AZN,1.00
Mercedes E 220,16500,1999,2.2,244000,AZN,1.00
Mercedes E 220,7500,1994,2.2,270000,AZN,1.00
Mercedes E 220,14800,2000,2.2,346232,AZN,1.00
Mercedes E 220,14800,2001,2.2,235000,AZN,1.00
Mercedes E 220,24600,2008,2.2,232000,AZN,1.00
Mercedes E 220,19600,2011,2.2,166500,$,1.70
Mercedes E 220,21000,2007,2.2,261084,AZN,1.00
Mercedes E 220,10500,1996,2.2,268500,AZN,1.00
Mercedes E 220,14100,1999,2.2,520000,AZN,1.00
Mercedes E 220,25300,2006,2.2,188300,AZN,1.00
Mercedes E 220,36000,2015,2.0,28000,$,1.70
Mercedes E 220,12500,1999,2.2,251500,AZN,1.00
Mercedes E 220,10400,1997,2.2,196722,AZN,1.00
Mercedes E 220,14900,2000,2.2,340000,AZN,1.00
Mercedes E 220,24300,2006,2.2,211000,AZN,1.00
Mercedes E 220,23900,2006,2.2,260000,AZN,1.00
Mercedes E 220,26000,2013,2.2,130000,$,1.70
Mercedes E 220,15500,2000,2.2,310000,AZN,1.00
Mercedes E 220,21600,2004,2.2,151000,AZN,1.00
Mercedes E 220,8500,1995,2.2,215000,AZN,1.00
Mercedes E 220,14500,2001,2.2,150000,AZN,1.00
Mercedes E 220,32500,2010,2.2,253000,AZN,1.00
Mercedes E 220,20500,2008,2.2,214500,AZN,1.00
Mercedes E 220,14000,2000,2.2,297362,AZN,1.00
Mercedes E 220,49000,2017,2.0,45000,$,1.70
Mercedes E 220,14300,1999,2.2,370000,AZN,1.00
Mercedes E 220,14300,1998,2.2,447594,AZN,1.00
Mercedes E 220,14800,2000,2.2,352000,AZN,1.00
Mercedes E 220,13500,2002,2.2,480000,AZN,1.00
Mercedes E 220,8900,1994,2.2,250000,AZN,1.00
Mercedes E 220,14300,2000,2.2,371500,AZN,1.00
Mercedes E 220,13400,1999,2.2,326000,AZN,1.00
Mercedes E 220,16300,2004,2.2,310000,AZN,1.00
Mercedes E 220,14900,2000,2.2,352000,AZN,1.00
Mercedes E 220,20300,2009,2.2,179600,$,1.70
Mercedes E 220,14200,2002,2.2,330000,AZN,1.00
Mercedes E 220,13300,2001,2.2,297000,AZN,1.00
Mercedes E 220,29300,2013,2.2,131000,$,1.70
Mercedes E 220,29000,2014,2.2,111300,$,1.70
Mercedes E 220,10400,1996,2.2,380000,AZN,1.00
Mercedes E 220,14500,2001,2.2,392000,AZN,1.00
Mercedes E 220,16500,2002,2.2,292353,AZN,1.00
Mercedes E 220,14600,2000,2.2,399523,AZN,1.00
Mercedes E 220,16000,2000,2.2,248500,AZN,1.00
Mercedes E 220,26500,2008,2.2,192000,AZN,1.00
Mercedes E 220,20000,2007,2.2,245000,AZN,1.00
Mercedes E 220,36800,2013,2.2,51000,$,1.70
Mercedes E 220,16000,2001,1.8,240000,AZN,1.00
Mercedes E 220,13200,2001,2.2,350000,AZN,1.00
Mercedes E 220,13500,1999,2.2,500000,AZN,1.00
Mercedes E 220,16200,2000,2.2,365000,AZN,1.00
Mercedes E 220,15900,2005,2.2,460430,AZN,1.00
Mercedes E 220,23000,2006,2.2,267000,AZN,1.00
Mercedes E 220,7800,1994,2.2,480000,AZN,1.00
Mercedes E 220,20300,2011,2.2,158000,$,1.70
Mercedes E 220,16800,2002,2.2,263000,AZN,1.00
Mercedes E 220,15900,2003,2.2,270000,AZN,1.00
Mercedes E 220,25000,2008,2.2,220000,AZN,1.00
Mercedes E 220,17500,2010,2.2,180000,$,1.70
Mercedes E 220,8900,1994,2.2,39000,AZN,1.00
Mercedes E 220,24500,2006,2.2,185000,AZN,1.00
Mercedes E 220,52800,2016,2.2,34000,$,1.70
Mercedes E 220,8800,1994,2.2,271000,AZN,1.00
Mercedes E 220,7000,1992,2.2,170000,AZN,1.00
Mercedes E 220,19500,2011,2.2,183000,$,1.70
Mercedes E 220,17400,2003,2.2,240000,AZN,1.00
Mercedes E 220,27000,2018,1.7,0,AZN,1.00
Mercedes E 220,21500,2005,2.2,208000,AZN,1.00
Mercedes E 220,30700,2008,5.7,221500,$,1.70
Mercedes E 220,8700,1994,2.2,380000,AZN,1.00
Mercedes E 220,19500,2007,2.2,260000,AZN,1.00
Mercedes E 220,32000,2009,2.2,220000,AZN,1.00
Mercedes E 220,20800,2011,2.1,206000,$,1.70
Mercedes E 220,22900,2007,2.2,231456,AZN,1.00
Mercedes E 220,21500,2007,2.2,215000,AZN,1.00
Mercedes E 220,30700,2013,2.2,109536,$,1.70
Mercedes E 220,15200,1999,2.2,368000,AZN,1.00
Mercedes E 220,11500,1996,2.2,333000,AZN,1.00
Mercedes E 220,21900,2007,2.2,280000,AZN,1.00
Mercedes E 220,28900,2008,2.2,159000,AZN,1.00
Mercedes E 220,35500,2015,2.2,91500,$,1.70
Mercedes E 220,24500,2006,2.2,261000,AZN,1.00
Mercedes E 220,7000,2006,2.3,222000,AZN,1.00
Mercedes E 220,16300,2000,2.2,314000,AZN,1.00
Mercedes E 220,9100,1995,2.2,418009,AZN,1.00
Mercedes E 220,23400,2011,2.2,124000,$,1.70
Mercedes E 220,23200,2008,2.2,217123,AZN,1.00
Mercedes E 220,16000,2004,2.2,287000,AZN,1.00
Mercedes E 220,20500,2007,2.2,268000,AZN,1.00
Mercedes E 220,35900,2009,1.5,252341,$,1.70
Mercedes E 220,13800,2001,2.2,335000,AZN,1.00
Mercedes E 220,8800,1995,2.2,320000,AZN,1.00
Mercedes E 220,17700,2002,2.2,280000,AZN,1.00
Mercedes E 220,21800,2010,2.2,130000,$,1.70
Mercedes E 220,22300,2004,2.2,150000,AZN,1.00
Mercedes E 220,25800,2008,2.2,235000,AZN,1.00
Mercedes E 220,16500,2002,2.2,275000,AZN,1.00
Mercedes E 220,14500,2000,2.2,325000,AZN,1.00
Mercedes E 220,16800,2000,2.2,265000,AZN,1.00
Mercedes E 220,16800,2005,2.2,330000,AZN,1.00
Mercedes E 220,15000,2002,2.2,125000,AZN,1.00
Mercedes E 220,8500,1995,2.2,200000,AZN,1.00
Mercedes E 220,16600,1999,2.2,280881,AZN,1.00
Mercedes E 220,9000,1995,2.2,453652,AZN,1.00
Mercedes E 220,19500,2008,2.2,225000,AZN,1.00
Mercedes E 220,15000,2000,2.2,334966,AZN,1.00
Mercedes E 220,14700,1999,2.2,450000,AZN,1.00
Mercedes E 220,15500,1999,2.2,450000,AZN,1.00
Mercedes E 220,61900,2018,2.2,16100,$,1.70
Mercedes E 220,18500,2010,2.2,185000,$,1.70
Mercedes E 220,7900,1993,2.2,292000,AZN,1.00
Mercedes E 220,17500,2005,2.2,270000,AZN,1.00
Mercedes E 220,31800,2014,2.2,117000,$,1.70
Mercedes E 220,14300,2000,2.2,330000,AZN,1.00
Mercedes E 220,13000,1998,2.2,273000,AZN,1.00
Mercedes E 220,15500,2000,2.2,315678,AZN,1.00
Mercedes E 220,20700,2009,2.2,162000,$,1.70
Mercedes E 220,24900,2006,2.2,168000,AZN,1.00
Mercedes E 220,19800,2007,2.2,276000,AZN,1.00
Mercedes E 220,17500,2003,2.2,365000,AZN,1.00
Mercedes E 220,7900,1993,2.2,289000,AZN,1.00
Mercedes E 220,22600,2012,2.2,150000,$,1.70
Mercedes E 220,16200,2000,2.2,420000,AZN,1.00
Mercedes E 220,7900,1995,2.2,290000,AZN,1.00
Mercedes E 220,24200,2007,2.2,257000,AZN,1.00
Mercedes E 220,25800,2007,2.2,254000,AZN,1.00
Mercedes E 220,16700,2002,2.2,235641,AZN,1.00
Mercedes E 220,22800,2006,2.2,238000,AZN,1.00
Mercedes E 220,23000,2006,2.2,180000,AZN,1.00
Mercedes E 220,9000,1994,2.2,485400,AZN,1.00
Mercedes E 220,8600,1992,2.2,257641,AZN,1.00
Mercedes E 220,16300,2001,2.2,450000,AZN,1.00
Mercedes E 220,11700,1994,2.2,441968,AZN,1.00
Mercedes E 220,7500,1994,2.2,240000,AZN,1.00
Mercedes E 220,14900,2000,2.2,259129,AZN,1.00
Mercedes E 220,12400,1999,2.2,454000,AZN,1.00
Mercedes E 220,16600,2000,2.2,320000,AZN,1.00
Mercedes E 220,13000,1999,2.2,310000,AZN,1.00
Mercedes E 220,27200,2007,2.2,167000,AZN,1.00
Mercedes E 220,22000,2008,2.2,344000,AZN,1.00
Mercedes E 220,36000,2013,2.2,68947,$,1.70
Mercedes E 220,22400,2009,2.2,158000,$,1.70
Mercedes E 220,16500,2000,2.2,294000,AZN,1.00
Mercedes E 220,16700,2004,2.2,373600,AZN,1.00
Mercedes E 220,16300,1999,2.2,298560,AZN,1.00
Mercedes E 220,16200,2002,2.2,320000,AZN,1.00
Mercedes E 220,13500,1999,2.2,350000,AZN,1.00
Mercedes E 220,5900,1993,2.2,33333,AZN,1.00
Mercedes E 220,14700,2000,2.2,422000,AZN,1.00
Mercedes E 220,16300,2002,2.2,367000,AZN,1.00
Mercedes E 220,6700,1995,1.8,235000,AZN,1.00
Mercedes E 220,2400,1982,1.6,720000,AZN,1.00
Mercedes E 220,16900,2003,2.0,304000,AZN,1.00
Mercedes E 220,22700,2007,2.2,213000,AZN,1.00
Mercedes E 220,26800,2013,2.2,148000,$,1.70
Mercedes E 220,8700,1996,2.2,452000,AZN,1.00
Mercedes E 220,16300,2000,2.2,346000,AZN,1.00
Mercedes E 220,11700,1998,2.2,450000,AZN,1.00
Mercedes E 220,13200,1998,2.2,592000,AZN,1.00
Mercedes E 220,14000,2001,2.2,302000,AZN,1.00
Mercedes E 220,7700,1994,2.2,323000,AZN,1.00
Mercedes E 220,49800,2017,2.2,40000,$,1.70
Mercedes E 220,22800,2007,2.2,218400,AZN,1.00
Mercedes E 220,14500,2000,2.2,317000,AZN,1.00
Mercedes E 220,13900,2000,2.2,365750,AZN,1.00
Mercedes E 220,17500,2003,2.2,247000,AZN,1.00
Mercedes E 220,22300,2007,2.2,288900,AZN,1.00
Mercedes E 220,17000,2000,2.2,290000,AZN,1.00
Mercedes E 220,16500,2001,2.2,326000,AZN,1.00
Mercedes E 220,8200,1993,2.2,400000,AZN,1.00
Mercedes E 220,25700,2013,2.2,100000,$,1.70
Mercedes E 220,14800,2001,2.2,402000,AZN,1.00
Mercedes E 220,24500,2008,2.2,185085,AZN,1.00
Mercedes E 220,7650,1992,2.2,302000,AZN,1.00
Mercedes E 220,27800,2007,2.2,135000,AZN,1.00
Mercedes E 220,25900,2007,2.2,145600,AZN,1.00
Mercedes E 220,46500,2016,2.2,40000,$,1.70
Mercedes E 220,19500,2007,2.2,210000,AZN,1.00
Mercedes E 220,19500,2012,2.2,171607,$,1.70
Mercedes E 220,22000,2007,2.2,238000,AZN,1.00
Mercedes E 220,19400,2009,2.2,216000,$,1.70
Mercedes E 220,18500,2001,2.2,380000,AZN,1.00
Mercedes E 220,8500,1995,2.2,300000,AZN,1.00
Mercedes E 220,8500,1994,2.2,380000,AZN,1.00
Mercedes E 220,16500,2005,2.2,330010,AZN,1.00
Mercedes E 220,14000,2002,2.2,310000,AZN,1.00
Mercedes E 220,11000,1997,2.2,503366,AZN,1.00
Mercedes E 220,15600,2002,2.2,320000,AZN,1.00
Mercedes E 220,17300,2004,2.2,230000,AZN,1.00
Mercedes E 220,23900,2012,1.8,184985,$,1.70
Mercedes E 220,15800,2003,2.2,430000,AZN,1.00
Mercedes E 220,24600,2008,2.2,237689,AZN,1.00
Mercedes E 220,16450,2004,2.2,292300,AZN,1.00
Mercedes E 220,15900,2002,2.2,406351,AZN,1.00
Mercedes E 220,23900,2010,2.0,163000,AZN,1.00
Mercedes E 220,11700,2007,2.2,275000,$,1.70
Mercedes E 220,19500,2006,2.2,250000,AZN,1.00
Mercedes E 220,8900,1994,2.2,348000,AZN,1.00
Mercedes E 220,17000,2002,2.2,258000,AZN,1.00
Mercedes E 220,17300,2002,2.2,332900,AZN,1.00
Mercedes E 220,15000,1999,2.2,322000,AZN,1.00
Mercedes E 220,55500,2016,2.0,42000,$,1.70
Mercedes E 220,14500,1999,2.2,381000,AZN,1.00
Mercedes E 220,13500,2000,2.2,137500,AZN,1.00
Mercedes E 220,18500,2005,2.2,258294,AZN,1.00
Mercedes E 220,4100,1991,1.5,100500,AZN,1.00
Mercedes E 220,31500,2015,2.2,123000,$,1.70
Mercedes E 220,25700,2006,2.2,251000,AZN,1.00
Mercedes E 220,19500,2008,5.5,243000,$,1.70
Mercedes E 220,17500,2004,2.2,250000,AZN,1.00
Mercedes E 220,32000,2011,2.2,166000,AZN,1.00
Mercedes E 220,9500,1993,2.2,442402,AZN,1.00
Mercedes E 220,16800,2000,2.0,378000,AZN,1.00
Mercedes E 220,6700,1994,2.2,300000,AZN,1.00
Mercedes E 220,13500,2000,2.2,320400,AZN,1.00
Mercedes E 220,16500,2008,4.7,146000,AZN,1.00
Mercedes E 220,18990,2006,2.2,279000,AZN,1.00
Mercedes E 220,12000,1998,2.2,400000,AZN,1.00
Mercedes E 220,23200,2008,2.2,340000,AZN,1.00
Mercedes E 220,17300,2004,2.2,266000,AZN,1.00
Mercedes E 220,13900,1999,2.2,399000,AZN,1.00
Mercedes E 220,7800,1993,2.2,390000,AZN,1.00
Mercedes E 220,21000,2008,2.0,232000,AZN,1.00
Mercedes E 220,13500,1998,2.2,352000,AZN,1.00
Mercedes E 220,8500,1995,2.2,453000,AZN,1.00
Mercedes E 220,21500,2008,2.2,274000,AZN,1.00
Mercedes E 220,7800,1995,2.2,143000,AZN,1.00
Mercedes E 220,14800,2000,2.2,335000,AZN,1.00
Mercedes E 220,14000,1999,2.2,300000,AZN,1.00
Mercedes E 220,15250,2008,2.2,176000,$,1.70
Mercedes E 220,27800,2013,2.2,106000,$,1.70
Mercedes E 220,35800,2015,2.2,88000,$,1.70
Mercedes E 220,11610,1995,2.2,319200,AZN,1.00
Mercedes E 220,16300,2002,2.2,316214,AZN,1.00
Mercedes E 220,15300,2002,2.2,223130,AZN,1.00
Mercedes E 220,31000,2011,1.5,180000,$,1.70
Mercedes E 220,16300,2001,2.2,330000,AZN,1.00
Mercedes E 220,15500,2002,2.2,250000,AZN,1.00
Mercedes E 220,22000,2008,2.0,265000,AZN,1.00
Mercedes E 220,20000,2008,2.2,400000,AZN,1.00
Mercedes E 220,10000,1997,2.2,400000,AZN,1.00
Mercedes E 220,15700,2002,2.2,227582,AZN,1.00
Mercedes E 220,14500,1999,2.2,100000,AZN,1.00
Mercedes E 220,20800,2005,2.2,244000,AZN,1.00
Mercedes E 220,7800,1995,2.2,528000,AZN,1.00
Mercedes E 220,14800,2002,2.2,300500,AZN,1.00
Mercedes E 220,11500,1995,2.2,350000,AZN,1.00
Mercedes E 220,21000,2006,2.2,250000,AZN,1.00
Mercedes E 220,23000,2006,2.2,182000,AZN,1.00
Mercedes E 220,22800,2009,2.2,153000,$,1.70
Mercedes E 220,8900,1995,2.2,310254,AZN,1.00
Mercedes E 220,20000,2007,2.2,220000,AZN,1.00
Mercedes E 220,17000,2000,2.2,347500,AZN,1.00
Mercedes E 220,14800,1999,2.2,370000,AZN,1.00
Mercedes E 220,16900,2001,2.2,406000,AZN,1.00
Mercedes E 220,6800,1994,2.2,356000,AZN,1.00
Mercedes E 220,10500,1997,2.2,158700,AZN,1.00
Mercedes E 220,15800,1999,2.2,276000,AZN,1.00
Mercedes E 220,13500,1999,2.2,371188,AZN,1.00
Mercedes E 220,7300,1993,2.2,336000,AZN,1.00
Mercedes E 220,6500,1993,2.2,430000,AZN,1.00
Mercedes E 220,11300,2006,2.2,236000,$,1.70
Mercedes E 220,13500,2000,2.2,406068,AZN,1.00
Mercedes E 220,16000,2001,2.2,280000,AZN,1.00
Mercedes E 220,22300,2005,2.2,240000,AZN,1.00
Mercedes E 220,3200,1971,1.2,111111,AZN,1.00
Mercedes E 220,8500,1995,2.2,36000,AZN,1.00
Mercedes E 220,7200,1993,2.2,442794,AZN,1.00
Mercedes E 220,11000,1997,2.2,150000,AZN,1.00
Mercedes E 220,8199,1994,2.2,365000,AZN,1.00
Mercedes E 220,15400,2000,2.2,445000,AZN,1.00
Mercedes E 220,23000,2008,2.2,261500,AZN,1.00
Mercedes E 220,13000,1999,2.2,439500,AZN,1.00
Mercedes E 220,18600,2009,2.2,245000,$,1.70
Mercedes E 220,8500,2006,1.8,150000,AZN,1.00
Mercedes E 220,13000,1999,2.2,269529,AZN,1.00
Mercedes E 220,13900,2002,2.2,220000,AZN,1.00
Mercedes E 220,3700,1980,1.3,274000,AZN,1.00
Mercedes E 220,14000,2001,2.2,320000,AZN,1.00
Mercedes E 220,13900,1999,2.2,525252,AZN,1.00
Mercedes E 220,9300,2000,1.6,152826,AZN,1.00
Mercedes E 220,15300,2000,2.2,320000,AZN,1.00
Mercedes E 220,7300,1992,2.5,250000,AZN,1.00
Mercedes E 220,9500,1995,2.2,539000,AZN,1.00
Mercedes E 220,16700,1998,2.2,323158,AZN,1.00
Mercedes E 220,16000,2000,2.2,229525,AZN,1.00
Mercedes E 220,8700,1995,2.2,440000,AZN,1.00
Mercedes E 220,14800,2000,2.2,398000,AZN,1.00
Mercedes E 220,6200,1999,1.6,280000,AZN,1.00
Mercedes E 220,19000,2006,2.2,320175,AZN,1.00
Mercedes E 220,7500,1993,2.2,245000,AZN,1.00
Mercedes E 220,18000,2000,2.2,280000,AZN,1.00
Mercedes E 220,8400,1994,2.2,278000,AZN,1.00
Mercedes E 220,15400,2006,2.2,164546,$,1.70
Mercedes E 220,16500,2000,2.2,267000,AZN,1.00
Mercedes E 220,13000,1996,2.2,435846,AZN,1.00
Mercedes E 220,14800,1994,2.2,240000,AZN,1.00
Mercedes E 220,15500,2000,2.2,628423,AZN,1.00
Mercedes E 220,5500,1994,2.2,502000,AZN,1.00
Mercedes E 220,15000,2003,2.2,242252,AZN,1.00
Mercedes E 220,20800,2009,2.2,147000,$,1.70
Mercedes E 220,8000,1994,2.2,350000,AZN,1.00
Mercedes E 220,14600,2001,2.2,374000,AZN,1.00
Mercedes E 220,3500,1985,1.5,17264,AZN,1.00
Mercedes E 220,21500,2006,2.2,250000,AZN,1.00
Mercedes E 220,7000,1993,2.2,400000,AZN,1.00
Mercedes E 220,7400,1993,2.2,323000,AZN,1.00
Mercedes E 220,17000,2002,2.2,195000,AZN,1.00
Mercedes E 220,13000,2000,2.2,400000,AZN,1.00
Mercedes E 220,16300,2001,2.2,257290,AZN,1.00
Mercedes E 220,18000,2004,2.2,315000,AZN,1.00
Mercedes E 220,17600,2003,2.2,236000,AZN,1.00
Mercedes E 220,16900,2002,2.2,295342,AZN,1.00
Mercedes E 220,17000,2006,2.2,300000,AZN,1.00
Mercedes E 220,22000,2006,2.2,300000,AZN,1.00
Mercedes E 220,10500,1994,2.2,420000,AZN,1.00
Mercedes E 220,16800,2000,2.2,265000,AZN,1.00
Mercedes E 220,15500,1999,2.2,341500,AZN,1.00
Mercedes E 220,16480,2014,1.5,119000,AZN,1.00
Mercedes E 220,23100,2012,1.8,64567,AZN,1.00
Mercedes E 220,9000,1994,2.2,323000,AZN,1.00
Mercedes E 220,33600,2015,2.2,121000,$,1.70
Mercedes E 220,17400,2000,2.2,397889,AZN,1.00
Mercedes E 220,15300,2002,2.2,370000,AZN,1.00
Mercedes E 220,14100,2008,2.2,259200,$,1.70
Mercedes E 220,23500,2005,2.2,310510,AZN,1.00
Mercedes E 220,8500,1993,2.2,593500,AZN,1.00
Mercedes E 220,14900,2001,2.2,541172,AZN,1.00
Mercedes E 220,9000,1996,2.2,450230,AZN,1.00
Mercedes E 220,19000,2007,2.2,318000,AZN,1.00
Mercedes E 220,13500,2001,2.2,380000,AZN,1.00
Mercedes E 220,16500,2002,2.2,324000,AZN,1.00
Mercedes E 220,15200,2001,2.2,20000,AZN,1.00
Mercedes E 220,17700,2010,2.2,242000,$,1.70
Mercedes E 220,24500,2008,2.2,167500,AZN,1.00
Mercedes E 220,9300,1993,2.2,400000,AZN,1.00
Mercedes E 220,17800,2010,2.2,241000,$,1.70
Mercedes E 220,15800,2003,2.2,289000,AZN,1.00
Mercedes E 220,12800,2008,4.8,110000,AZN,1.00
Mercedes E 220,21800,2007,2.2,185000,AZN,1.00
Mercedes E 220,26700,2014,2.2,155000,$,1.70
Mercedes E 220,56000,2016,2.0,50000,$,1.70
Mercedes E 220,14000,1999,2.2,595252,AZN,1.00
Mercedes E 220,15800,2001,2.2,374473,AZN,1.00
Mercedes E 220,6700,1990,2.2,350000,AZN,1.00
Mercedes E 220,16500,2003,2.2,357000,AZN,1.00
Mercedes E 220,16200,2002,2.2,330000,AZN,1.00
Mercedes E 220,12200,1998,2.2,452025,AZN,1.00
Mercedes E 220,21500,2008,2.2,350000,AZN,1.00
Mercedes E 220,8000,1994,2.2,318000,AZN,1.00
Mercedes E 220,16700,2001,2.2,460000,AZN,1.00
Mercedes E 220,16900,2002,2.2,282000,AZN,1.00
Mercedes E 220,16700,2003,2.2,220000,AZN,1.00
Mercedes E 220,3750,1996,1.6,315000,AZN,1.00
Mercedes E 220,14300,2001,2.2,306870,AZN,1.00
Mercedes E 220,12300,1998,2.2,845000,AZN,1.00
Mercedes E 220,57000,2017,2.0,18000,$,1.70
Mercedes E 220,13500,1999,2.2,370000,AZN,1.00
Mercedes E 220,17500,2000,2.2,397000,AZN,1.00
Mercedes E 220,30700,2013,2.2,180002,$,1.70
Mercedes E 220,5200,1992,2.2,132000,AZN,1.00
Mercedes E 220,8000,1994,2.2,240000,AZN,1.00
Mercedes E 220,16052,2002,2.2,388000,AZN,1.00
Mercedes E 220,15500,2000,2.2,473000,AZN,1.00
Mercedes E 220,15500,1999,2.2,290000,AZN,1.00
Mercedes E 220,23300,2011,2.2,206000,$,1.70
Mercedes E 220,14800,2001,2.2,503350,AZN,1.00
Mercedes E 220,19800,2008,2.2,250000,AZN,1.00
Mercedes E 220,7800,1994,2.2,793000,AZN,1.00
Mercedes E 220,14000,1999,2.2,595231,AZN,1.00
Mercedes E 220,7400,1994,2.2,260489,AZN,1.00
Mercedes E 220,24000,2006,2.2,205000,AZN,1.00
Mercedes E 220,12000,1999,2.2,351000,AZN,1.00
Mercedes E 220,14200,2001,2.2,264000,AZN,1.00
Mercedes E 220,17000,2000,2.2,243000,AZN,1.00
Mercedes E 220,16500,2003,2.2,345000,AZN,1.00
Mercedes E 220,11400,1998,2.2,380000,AZN,1.00
Mercedes E 220,26500,2007,2.2,179600,AZN,1.00
Mercedes E 220,15700,2001,2.2,375000,AZN,1.00
Mercedes E 220,17500,2001,2.2,310000,AZN,1.00
Mercedes E 220,10000,1997,2.2,503456,AZN,1.00
Mercedes E 220,8500,1996,2.2,252000,AZN,1.00
Mercedes E 220,18500,2006,2.2,360000,AZN,1.00
Mercedes E 220,15500,2003,2.2,250000,AZN,1.00
Mercedes E 220,25300,2007,2.2,191000,AZN,1.00
Mercedes E 220,7000,1994,2.2,458883,AZN,1.00
Mercedes E 220,16700,2009,2.2,189000,$,1.70
Mercedes E 220,14000,1999,2.2,399000,AZN,1.00
Mercedes E 220,15900,1998,2.2,320000,AZN,1.00
Mercedes E 220,14400,2003,2.2,270000,AZN,1.00
Mercedes E 220,14900,1999,2.2,425704,AZN,1.00
Mercedes E 220,19500,2005,2.5,212116,AZN,1.00
Mercedes E 220,9000,1993,2.2,249000,AZN,1.00
Mercedes E 220,10000,1994,2.0,15000,AZN,1.00
Mercedes E 220,28000,2007,2.2,182000,AZN,1.00
Mercedes E 220,26000,2007,2.2,211000,AZN,1.00
Mercedes E 220,10500,1995,2.2,390000,AZN,1.00
Mercedes E 220,16900,2006,2.2,265500,AZN,1.00
Mercedes E 220,21500,2006,2.2,224773,AZN,1.00
Mercedes E 220,24900,2006,2.2,230000,AZN,1.00
Mercedes E 220,8200,1994,2.2,455000,AZN,1.00
Mercedes E 220,25000,2008,2.2,230000,AZN,1.00
Mercedes E 220,22400,2011,2.2,141500,$,1.70
Mercedes E 220,14000,2002,2.2,270000,AZN,1.00
Mercedes E 220,14500,1988,2.2,269760,AZN,1.00
Mercedes E 220,16000,2003,2.2,290853,AZN,1.00
Mercedes E 220,8300,1993,2.2,513000,AZN,1.00
Mercedes E 220,10700,1997,2.2,401000,AZN,1.00
Mercedes E 220,7900,1994,2.2,252000,AZN,1.00
Mercedes E 220,26000,2006,2.2,136000,AZN,1.00
Mercedes E 220,23700,2007,2.2,247866,AZN,1.00
Mercedes E 220,16300,2002,2.2,333090,AZN,1.00
Mercedes E 220,19500,2006,2.2,256599,AZN,1.00
Mercedes E 220,13800,1999,2.2,394000,AZN,1.00
Mercedes E 220,7700,1992,2.2,319000,AZN,1.00
Mercedes E 220,16300,2002,2.2,294000,AZN,1.00
Mercedes E 220,16000,2000,2.2,250000,AZN,1.00
Mercedes E 220,16200,2004,2.2,355000,AZN,1.00
Mercedes E 220,9000,1994,2.2,150000,AZN,1.00
Mercedes E 220,16500,1999,2.2,354892,AZN,1.00
Mercedes E 220,22700,2007,2.2,172380,AZN,1.00
Mercedes E 220,10500,1997,2.2,150000,AZN,1.00
Mercedes E 220,13000,2003,2.2,430000,AZN,1.00
Mercedes E 220,24300,2008,2.2,280000,AZN,1.00
Mercedes E 220,22000,2007,2.2,223780,AZN,1.00
Mercedes E 220,7500,1993,2.2,540000,AZN,1.00
Mercedes E 220,12000,1998,2.2,222000,AZN,1.00
Mercedes E 220,8200,1993,2.2,377746,AZN,1.00
Mercedes E 220,13000,1998,2.2,490000,AZN,1.00
Mercedes E 220,26800,2008,2.2,213000,AZN,1.00
Mercedes E 220,16300,2000,2.2,245395,AZN,1.00
Mercedes E 220,7200,1992,2.2,280000,AZN,1.00
Mercedes E 220,16500,2004,2.2,180000,AZN,1.00
Mercedes E 220,14600,2000,2.2,299000,AZN,1.00
Mercedes E 220,19000,2007,2.2,202500,AZN,1.00
Mercedes E 220,7500,1995,2.2,305000,AZN,1.00
Mercedes E 220,11500,1999,2.2,285000,AZN,1.00
Mercedes E 220,15800,2001,2.2,390000,AZN,1.00
Mercedes E 220,22500,2008,2.2,257000,AZN,1.00
Mercedes E 220,19500,2004,2.2,295974,AZN,1.00
Mercedes E 220,16000,2002,2.2,393780,AZN,1.00
Mercedes E 220,5000,1987,2.2,200000,AZN,1.00
Mercedes E 220,39999,2012,2.2,118000,AZN,1.00
Mercedes E 220,21700,2007,2.2,210500,AZN,1.00
Mercedes E 220,13500,2010,10,273000,AZN,1.00
Mercedes E 220,19500,2005,2.2,272000,AZN,1.00
Mercedes E 220,20200,2010,2.2,224300,$,1.70
Mercedes E 220,26500,2014,2.2,110000,$,1.70
Mercedes E 220,13500,2000,2.2,345000,AZN,1.00
Mercedes E 220,15600,2002,2.2,275300,AZN,1.00
Mercedes E 220,14800,2005,1.6,100000,AZN,1.00
Mercedes E 220,7000,1992,2.2,420000,AZN,1.00
Mercedes E 220,14400,2000,2.2,297000,AZN,1.00
Mercedes E 220,14500,2000,2.2,365000,AZN,1.00
Mercedes E 220,28000,2008,2.2,335500,AZN,1.00
Mercedes E 220,20500,2009,2.2,195000,AZN,1.00
Mercedes E 220,49500,2016,2.2,95000,$,1.70
Mercedes E 220,28500,2008,2.2,252000,AZN,1.00
Mercedes E 220,9800,1994,2.2,374000,AZN,1.00
Mercedes E 220,15300,2002,2.2,197000,AZN,1.00
Mercedes E 220,15200,2002,2.2,385000,AZN,1.00
Mercedes E 220,9600,1994,2.2,500000,AZN,1.00
Mercedes E 220,13500,2004,2.2,198563,AZN,1.00
Mercedes E 220,19400,2004,3.2,188000,AZN,1.00
Mercedes E 220,8700,2011,2.0,126000,AZN,1.00
Mercedes E 220,11200,1999,2.2,285000,AZN,1.00
Mercedes E 220,20500,2011,2.2,23300,$,1.70
Mercedes E 220,18500,2005,2.2,293000,AZN,1.00
Mercedes E 220,21500,2005,2.2,100244,AZN,1.00
Mercedes E 220,12300,2007,4.0,101500,$,1.70
Mercedes E 220,15000,1999,2.2,335057,AZN,1.00
Mercedes E 220,25500,2008,2.2,152000,AZN,1.00
Mercedes E 220,22000,2012,2.2,203000,$,1.70
Mercedes E 220,24000,2008,2.2,293000,AZN,1.00
Mercedes E 220,12000,2000,2.2,285000,AZN,1.00
Mercedes E 220,16000,2000,2.2,255671,AZN,1.00
Mercedes E 220,17000,2002,2.2,300000,AZN,1.00
Mercedes E 220,13700,2013,2.5,94000,AZN,1.00
Mercedes E 220,15500,2001,2.2,279000,AZN,1.00
Mercedes E 220,24000,2012,2.2,108630,$,1.70
Mercedes E 220,26500,2007,3.0,268000,AZN,1.00
Mercedes E 220,16900,2015,3.0,78000,AZN,1.00
Mercedes E 220,19900,2009,2.2,138000,$,1.70
Mercedes E 220,9500,1996,2.2,502585,AZN,1.00
Mercedes E 220,22000,2014,1.8,141000,AZN,1.00
Mercedes E 220,22500,2006,2.2,244000,AZN,1.00
Mercedes E 220,17000,2000,2.2,380000,AZN,1.00
Mercedes E 220,22900,2008,2.5,146018,$,1.70
Mercedes E 220,22300,2006,2.2,257000,AZN,1.00
Mercedes E 220,7500,1993,2.2,237000,AZN,1.00
Mercedes E 220,7500,1995,2.2,300000,AZN,1.00
Mercedes E 220,12500,1998,2.2,387000,AZN,1.00
Mercedes E 220,8200,1994,2.2,326088,AZN,1.00
Mercedes E 220,5600,1993,1.8,280000,AZN,1.00
Mercedes E 220,18200,2005,2.2,328481,AZN,1.00
Mercedes E 220,13500,2001,2.2,250000,AZN,1.00
Mercedes E 220,14800,2000,2.2,364300,AZN,1.00
Mercedes E 220,22700,2007,2.2,213000,AZN,1.00
Mercedes E 220,12800,1999,2.2,314265,AZN,1.00
Mercedes E 220,9500,1994,2.2,419000,AZN,1.00
Mercedes E 220,23000,2006,2.2,244000,AZN,1.00
Mercedes E 220,32500,2015,2.2,123000,$,1.70
Mercedes E 220,18000,2000,2.7,320000,AZN,1.00
Mercedes E 220,6800,1991,2.2,100000,AZN,1.00
Mercedes E 220,18800,2010,3.6,155000,$,1.70
Mercedes E 220,15500,2001,2.2,411000,AZN,1.00
