Mercedes C 180,10810,1996,1.8,319000,AZN,1.00
Mercedes C 180,8300,1997,1.8,240000,AZN,1.00
Mercedes C 180,3900,1998,1.8,340523,AZN,1.00
Mercedes C 180,11200,1999,1.8,310700,AZN,1.00
Mercedes C 180,7500,1996,1.8,210000,AZN,1.00
Mercedes C 180,8400,1996,1.8,325000,AZN,1.00
Mercedes C 180,8500,1999,1.8,327000,AZN,1.00
Mercedes C 180,8800,1998,1.8,350000,AZN,1.00
Mercedes C 180,12800,2003,1.8,196000,AZN,1.00
Mercedes C 180,7500,1997,1.8,265800,AZN,1.00
Mercedes C 180,10500,1999,1.8,427000,AZN,1.00
Mercedes C 180,9200,1997,1.8,490000,AZN,1.00
Mercedes C 180,4200,1994,1.8,323000,AZN,1.00
Mercedes C 180,6900,1994,1.8,290000,AZN,1.00
Mercedes C 180,6500,1995,1.8,305420,AZN,1.00
Mercedes C 180,8600,1997,1.8,311000,AZN,1.00
Mercedes C 180,9600,1999,1.8,341000,AZN,1.00
Mercedes C 180,9600,1999,1.8,253000,AZN,1.00
Mercedes C 180,8000,1997,1.8,211000,AZN,1.00
Mercedes C 180,5800,1993,1.8,320000,AZN,1.00
Mercedes C 180,9400,1998,1.8,210000,AZN,1.00
Mercedes C 180,7500,1996,1.8,361000,AZN,1.00
Mercedes C 180,10700,1999,1.8,289000,AZN,1.00
Mercedes C 180,7500,1997,1.8,265800,AZN,1.00
Mercedes C 180,7800,1998,1.8,392000,AZN,1.00
Mercedes C 180,9900,1998,1.8,269250,AZN,1.00
Mercedes C 180,8800,1997,1.8,228000,AZN,1.00
Mercedes C 180,7000,1994,1.8,356285,AZN,1.00
Mercedes C 180,5800,1995,1.8,368000,AZN,1.00
Mercedes C 180,8900,1998,1.8,280000,AZN,1.00
Mercedes C 180,9700,1998,1.8,196000,AZN,1.00
Mercedes C 180,9200,1997,1.8,227680,AZN,1.00
Mercedes C 180,9500,1997,1.8,286000,AZN,1.00
Mercedes C 180,9800,1999,1.8,323000,AZN,1.00
Mercedes C 180,10000,1998,1.8,270000,AZN,1.00
Mercedes C 180,7700,1994,1.8,346000,AZN,1.00
Mercedes C 180,6300,1993,1.8,257000,AZN,1.00
Mercedes C 180,7500,1994,1.8,356000,AZN,1.00
Mercedes C 180,9200,1998,1.8,347000,AZN,1.00
Mercedes C 180,5950,1993,1.8,421222,AZN,1.00
Mercedes C 180,9500,1998,1.8,274242,AZN,1.00
Mercedes C 180,7300,1997,1.8,400000,AZN,1.00
Mercedes C 180,8500,1998,1.8,340000,AZN,1.00
Mercedes C 180,34000,2014,1.8,95000,$,1.70
Mercedes C 180,12000,1998,1.8,164280,AZN,1.00
Mercedes C 180,5400,1996,1.8,189600,AZN,1.00
Mercedes C 180,11800,1999,1.8,169000,AZN,1.00
Mercedes C 180,6700,1994,1.8,312508,AZN,1.00
Mercedes C 180,7900,1999,1.8,217000,AZN,1.00
Mercedes C 180,12000,1999,1.8,188319,AZN,1.00
Mercedes C 180,8500,1994,1.8,437000,AZN,1.00
Mercedes C 180,6700,1995,1.8,360558,AZN,1.00
Mercedes C 180,6500,1993,1.8,345000,AZN,1.00
Mercedes C 180,11850,2000,1.8,231000,AZN,1.00
Mercedes C 180,9600,1999,1.8,204000,AZN,1.00
Mercedes C 180,7000,1996,1.8,290000,AZN,1.00
Mercedes C 180,5400,1993,1.8,561000,AZN,1.00
Mercedes C 180,5700,1995,1.8,2,AZN,1.00
Mercedes C 180,6600,1994,1.8,608416,AZN,1.00
Mercedes C 180,7200,1994,1.8,388474,AZN,1.00
Mercedes C 180,9500,1997,1.8,123456,AZN,1.00
Mercedes C 180,6400,1995,1.8,442838,AZN,1.00
Mercedes C 180,11000,1999,1.8,315000,AZN,1.00
Mercedes C 180,7500,1999,1.8,54000,AZN,1.00
Mercedes C 180,8900,1998,1.8,330000,AZN,1.00
Mercedes C 180,7300,1994,1.8,280000,AZN,1.00
Mercedes C 180,8700,1998,1.8,456000,AZN,1.00
Mercedes C 180,9700,1997,1.8,245485,AZN,1.00
Mercedes C 180,11800,1999,1.8,254000,AZN,1.00
Mercedes C 180,8700,1997,1.8,200000,AZN,1.00
Mercedes C 180,6700,1996,1.8,360000,AZN,1.00
Mercedes C 180,10500,1998,1.8,350000,AZN,1.00
Mercedes C 180,11300,2000,1.8,185000,AZN,1.00
Mercedes C 180,7800,1996,1.8,470000,AZN,1.00
Mercedes C 180,10700,1999,1.8,230000,AZN,1.00
Mercedes C 180,10000,1997,1.8,450000,AZN,1.00
Mercedes C 180,12600,1999,1.8,270000,AZN,1.00
Mercedes C 180,7100,1994,1.8,200000,AZN,1.00
Mercedes C 180,8400,1999,1.8,300000,AZN,1.00
Mercedes C 180,10200,1998,1.8,272000,AZN,1.00
Mercedes C 180,5700,1998,1.8,350000,AZN,1.00
Mercedes C 180,7800,1993,1.8,300000,AZN,1.00
Mercedes C 180,6300,1995,1.8,405000,AZN,1.00
Mercedes C 180,10800,1999,1.8,215800,AZN,1.00
Mercedes C 180,7600,1996,1.8,331000,AZN,1.00
Mercedes C 180,10300,1999,1.8,265000,AZN,1.00
Mercedes C 180,8900,1998,1.8,388450,AZN,1.00
Mercedes C 180,11400,2000,1.8,236000,AZN,1.00
Mercedes C 180,7600,1996,1.8,245000,AZN,1.00
Mercedes C 180,11200,1998,1.8,272500,AZN,1.00
Mercedes C 180,9600,1998,1.8,288000,AZN,1.00
Mercedes C 180,6200,1994,1.8,411211,AZN,1.00
Mercedes C 180,7900,1997,1.8,210000,AZN,1.00
Mercedes C 180,10000,1999,1.8,224000,AZN,1.00
Mercedes C 180,6100,1994,1.8,350000,AZN,1.00
Mercedes C 180,9200,1997,1.8,307000,AZN,1.00
Mercedes C 180,11000,1999,1.8,295000,AZN,1.00
Mercedes C 180,6800,1996,1.8,398000,AZN,1.00
Mercedes C 180,6800,1995,1.8,250000,AZN,1.00
Mercedes C 180,6900,1996,1.8,279445,AZN,1.00
Mercedes C 180,7500,1995,1.8,342000,AZN,1.00
Mercedes C 180,6900,1994,1.8,348000,AZN,1.00
Mercedes C 180,8500,1999,1.8,407055,AZN,1.00
Mercedes C 180,6800,1996,1.8,205700,AZN,1.00
Mercedes C 180,9800,1998,1.8,256000,AZN,1.00
Mercedes C 180,29000,2011,1.8,148500,AZN,1.00
Mercedes C 180,6000,1993,1.8,256000,AZN,1.00
Mercedes C 180,9700,2000,1.8,393898,AZN,1.00
Mercedes C 180,6300,1994,1.8,300056,AZN,1.00
Mercedes C 180,10500,1998,1.8,206151,AZN,1.00
Mercedes C 180,6400,1995,1.8,320000,AZN,1.00
Mercedes C 180,8500,1997,1.8,289000,AZN,1.00
Mercedes C 180,6800,1996,1.8,326000,AZN,1.00
Mercedes C 180,11800,1999,1.8,245000,AZN,1.00
Mercedes C 180,5900,1996,1.8,290000,AZN,1.00
Mercedes C 180,5300,1993,1.8,428000,AZN,1.00
Mercedes C 180,9400,1998,1.8,391636,AZN,1.00
Mercedes C 180,8000,1997,1.8,400000,AZN,1.00
Mercedes C 180,7000,1996,1.8,477255,AZN,1.00
Mercedes C 180,10600,2000,1.8,198240,AZN,1.00
Mercedes C 180,8500,1996,1.8,356880,AZN,1.00
Mercedes C 180,5550,1994,1.8,450000,AZN,1.00
Mercedes C 180,6500,1995,1.8,350000,AZN,1.00
Mercedes C 180,9200,1997,1.8,289000,AZN,1.00
Mercedes C 180,9800,1998,1.8,220000,AZN,1.00
Mercedes C 180,11000,1998,1.8,252054,AZN,1.00
Mercedes C 180,30600,2014,1.6,99000,$,1.70
Mercedes C 180,9000,1997,1.8,296000,AZN,1.00
Mercedes C 180,8900,1998,1.8,315000,AZN,1.00
Mercedes C 180,7500,1998,1.8,362000,AZN,1.00
Mercedes C 180,9700,1997,1.8,334000,AZN,1.00
Mercedes C 180,6700,1995,1.8,290000,AZN,1.00
Mercedes C 180,10500,1998,1.8,265000,AZN,1.00
Mercedes C 180,10900,2000,1.8,248636,AZN,1.00
Mercedes C 180,9600,2003,1.8,357600,AZN,1.00
Mercedes C 180,9800,1999,1.8,310000,AZN,1.00
Mercedes C 180,12300,1998,1.8,193555,AZN,1.00
Mercedes C 180,9150,1997,1.8,300362,AZN,1.00
Mercedes C 180,5900,1994,1.8,268400,AZN,1.00
Mercedes C 180,5900,1994,1.8,268400,AZN,1.00
Mercedes C 180,7000,1994,1.8,290000,AZN,1.00
Mercedes C 180,9600,1997,1.8,360000,AZN,1.00
Mercedes C 180,7500,1997,1.8,445775,AZN,1.00
Mercedes C 180,3800,1996,1.8,210000,AZN,1.00
Mercedes C 180,9300,1997,1.8,395000,AZN,1.00
Mercedes C 180,11200,2000,1.8,345425,AZN,1.00
Mercedes C 180,10800,1998,1.8,260000,AZN,1.00
Mercedes C 180,7800,1995,1.8,421000,AZN,1.00
Mercedes C 180,7250,1994,1.8,215484,AZN,1.00
Mercedes C 180,8300,1995,1.8,284000,AZN,1.00
Mercedes C 180,12000,1997,1.8,210000,AZN,1.00
Mercedes C 180,7000,1994,1.8,150000,AZN,1.00
Mercedes C 180,10000,2000,1.8,223129,AZN,1.00
Mercedes C 180,7500,1994,1.8,312000,AZN,1.00
Mercedes C 180,7700,1994,1.8,444400,AZN,1.00
Mercedes C 180,11800,1998,1.8,235000,AZN,1.00
Mercedes C 180,10200,1999,1.8,349000,AZN,1.00
Mercedes C 180,13000,1999,1.8,233000,AZN,1.00
Mercedes C 180,8500,1995,1.8,110000,AZN,1.00
Mercedes C 180,6500,1995,1.8,165000,AZN,1.00
Mercedes C 180,13300,1999,1.8,190000,AZN,1.00
Mercedes C 180,12600,1998,1.8,194000,AZN,1.00
Mercedes C 180,10000,1997,1.8,384396,AZN,1.00
Mercedes C 180,10800,1998,1.8,336000,AZN,1.00
Mercedes C 180,8800,1996,1.8,293495,AZN,1.00
Mercedes C 180,11500,1999,1.8,266000,AZN,1.00
Mercedes C 180,16900,2007,2.0,231000,AZN,1.00
Mercedes C 180,7600,1995,1.8,468871,AZN,1.00
Mercedes C 180,7500,1995,1.8,410000,AZN,1.00
Mercedes C 180,7500,1995,1.8,410000,AZN,1.00
Mercedes C 180,9700,1997,1.8,299000,AZN,1.00
Mercedes C 180,10500,2010,1.5,147300,AZN,1.00
Mercedes C 180,9200,1993,1.8,363000,AZN,1.00
Mercedes C 180,5500,2010,1.1,140000,AZN,1.00
Mercedes C 180,7300,1995,1.8,231410,AZN,1.00
Mercedes C 180,11000,1999,1.8,247000,AZN,1.00
Mercedes C 180,11000,2014,1.6,95000,AZN,1.00
Mercedes C 180,11000,2014,1.6,95000,AZN,1.00
Mercedes C 180,11000,1999,1.8,247000,AZN,1.00
Mercedes C 180,8500,1995,1.8,350000,AZN,1.00
Mercedes C 180,6800,1994,2.2,342000,AZN,1.00
Mercedes C 180,6800,1994,2.2,342000,AZN,1.00
Mercedes C 180,12300,1999,1.8,230000,AZN,1.00
Mercedes C 180,11300,1997,1.8,326000,AZN,1.00
Mercedes C 180,10500,1999,1.8,206000,AZN,1.00
Mercedes C 180,11300,1997,1.8,326000,AZN,1.00
Mercedes C 180,11300,1997,1.8,326000,AZN,1.00
Mercedes C 180,8000,1996,1.8,309000,AZN,1.00
Mercedes C 180,12000,2000,1.8,195000,AZN,1.00
Mercedes C 180,12000,2000,1.8,195000,AZN,1.00
Mercedes C 180,12000,2000,1.8,195000,AZN,1.00
Mercedes C 180,9900,2000,1.8,289125,AZN,1.00
Mercedes C 180,12500,2004,1.8,120300,AZN,1.00
Mercedes C 180,8700,1996,1.8,295380,AZN,1.00
Mercedes C 180,10200,1998,1.8,127500,AZN,1.00
Mercedes C 180,7900,1994,1.8,185000,AZN,1.00
Mercedes C 180,10900,1998,1.8,258000,AZN,1.00
Mercedes C 180,9800,1997,1.8,360000,AZN,1.00
Mercedes C 180,7300,1994,1.8,498976,AZN,1.00
Mercedes C 180,9500,1998,1.8,290000,AZN,1.00
Mercedes C 180,9500,1998,1.8,290000,AZN,1.00
Mercedes C 180,9500,1998,1.8,290000,AZN,1.00
Mercedes C 180,7950,1997,2.0,144580,AZN,1.00
Mercedes C 180,7600,1994,1.8,326521,AZN,1.00
Mercedes C 180,7600,1994,1.8,326521,AZN,1.00
Mercedes C 180,12300,1998,1.8,349200,AZN,1.00
Mercedes C 180,11500,2014,3.0,54000,$,1.70
Mercedes C 180,7900,1998,1.8,309000,AZN,1.00
Mercedes C 180,7900,1998,1.8,309000,AZN,1.00
Mercedes C 180,11300,2013,1.4,158000,AZN,1.00
Mercedes C 180,11300,1998,1.8,290000,AZN,1.00
Mercedes C 180,11500,2010,1.4,295000,AZN,1.00
Mercedes C 180,8000,1995,1.8,365000,AZN,1.00
Mercedes C 180,7200,1994,1.8,121000,AZN,1.00
Mercedes C 180,8500,1995,1.8,260000,AZN,1.00
Mercedes C 180,8500,1995,1.8,260000,AZN,1.00
Mercedes C 180,14500,2019,4.0,0,AZN,1.00
Mercedes C 180,14500,2006,1.8,165400,AZN,1.00
Mercedes C 180,10800,1998,1.8,290000,AZN,1.00
Mercedes C 180,9800,1998,1.8,290000,AZN,1.00
Mercedes C 180,10500,1999,1.8,251000,AZN,1.00
Mercedes C 180,9500,1997,1.8,299000,AZN,1.00
Mercedes C 180,9500,1997,1.8,299000,AZN,1.00
Mercedes C 180,8400,1994,1.8,146000,AZN,1.00
Mercedes C 180,8800,1996,1.8,265333,AZN,1.00
Mercedes C 180,9400,1999,1.8,249252,AZN,1.00
Mercedes C 180,10800,1998,1.8,260000,AZN,1.00
Mercedes C 180,11200,2000,1.8,270000,AZN,1.00
Mercedes C 180,11200,2000,1.8,270000,AZN,1.00
Mercedes C 180,36000,2017,3.0,13300,$,1.70
Mercedes C 180,6300,1996,1.8,322772,AZN,1.00
Mercedes C 180,10000,1998,1.8,225000,AZN,1.00
Mercedes C 180,23800,2007,3.0,263000,AZN,1.00
Mercedes C 180,9800,1999,1.8,289000,AZN,1.00
Mercedes C 180,9000,1995,1.8,374700,AZN,1.00
Mercedes C 180,11800,2007,1.6,206000,AZN,1.00
Mercedes C 180,9500,1999,1.8,123456,AZN,1.00
Mercedes C 180,9500,1999,1.8,123456,AZN,1.00
Mercedes C 180,10400,1997,1.8,250000,AZN,1.00
Mercedes C 180,6900,1994,1.8,250000,AZN,1.00
Mercedes C 180,52000,2018,1.6,2000,$,1.70
Mercedes C 180,9500,1996,1.8,243000,AZN,1.00
Mercedes C 180,10000,1997,2.0,200000,AZN,1.00
Mercedes C 180,20800,2014,1.6,119000,AZN,1.00
Mercedes C 180,6800,1994,1.8,365210,AZN,1.00
Mercedes C 180,10900,1996,1.8,405800,AZN,1.00
Mercedes C 180,9900,1998,1.8,422000,AZN,1.00
Mercedes C 180,9300,1998,1.8,431258,AZN,1.00
Mercedes C 180,10000,1999,1.8,300000,AZN,1.00
Mercedes C 180,10800,1997,1.8,286000,AZN,1.00
Mercedes C 180,9000,1997,1.8,410000,AZN,1.00
Mercedes C 180,11050,1999,1.8,210400,AZN,1.00
Mercedes C 180,9800,1998,1.8,248000,AZN,1.00
Mercedes C 180,11800,1997,1.8,312000,AZN,1.00
Mercedes C 180,10800,1997,1.8,347000,AZN,1.00
Mercedes C 180,11000,1998,1.8,250000,AZN,1.00
Mercedes C 180,7500,1994,1.8,303653,AZN,1.00
Mercedes C 180,11500,1997,1.8,460000,AZN,1.00
Mercedes C 180,5450,1993,1.8,247000,AZN,1.00
Mercedes C 180,9800,1998,1.8,242500,AZN,1.00
Mercedes C 180,12500,1998,1.8,243251,AZN,1.00
Mercedes C 180,10600,1997,1.8,350000,AZN,1.00
Mercedes C 180,8000,1994,1.8,337000,AZN,1.00
Mercedes C 180,13000,1998,1.8,269000,AZN,1.00
Mercedes C 180,9000,1998,1.8,306000,AZN,1.00
Mercedes C 180,11000,1999,1.8,295000,AZN,1.00
Mercedes C 180,9700,1999,1.8,240000,AZN,1.00
Mercedes C 180,6500,1994,1.8,451417,AZN,1.00
Mercedes C 180,10500,1998,1.8,300000,AZN,1.00
Mercedes C 180,11200,1998,1.8,238000,AZN,1.00
Mercedes C 180,9100,1997,1.8,354000,AZN,1.00
Mercedes C 180,11500,1998,1.8,201095,AZN,1.00
Mercedes C 180,10000,1999,1.8,380000,AZN,1.00
Mercedes C 180,11000,1999,1.8,248390,AZN,1.00
Mercedes C 180,10900,1997,1.8,285602,AZN,1.00
Mercedes C 180,11300,1999,1.8,202000,AZN,1.00
Mercedes C 180,9500,1998,1.8,250000,AZN,1.00
Mercedes C 180,8500,1996,1.8,256423,AZN,1.00
Mercedes C 180,8800,1995,1.8,395000,AZN,1.00
Mercedes C 180,8800,2014,1.7,83000,AZN,1.00
Mercedes C 180,11000,1997,1.8,437000,AZN,1.00
Mercedes C 180,10500,1998,1.8,120000,AZN,1.00
Mercedes C 180,11000,1997,1.8,243258,AZN,1.00
Mercedes C 180,11800,1998,1.8,228000,AZN,1.00
Mercedes C 180,11500,1998,1.8,325000,AZN,1.00
Mercedes C 180,10700,1999,1.8,246089,AZN,1.00
Mercedes C 180,9300,1998,1.8,298000,AZN,1.00
Mercedes C 180,12300,1998,1.8,265000,AZN,1.00
Mercedes C 180,9300,1997,1.8,296707,AZN,1.00
Mercedes C 180,7400,1995,1.8,215000,AZN,1.00
Mercedes C 180,13700,1998,1.8,400000,AZN,1.00
Mercedes C 180,9700,1999,1.8,277231,AZN,1.00
Mercedes C 180,9900,1984,1.6,356855,AZN,1.00
Mercedes C 180,7600,1995,1.8,275000,AZN,1.00
Mercedes C 180,7900,1996,1.8,211000,AZN,1.00
Mercedes C 180,12200,2000,1.8,198500,AZN,1.00
Mercedes C 180,7950,1996,1.8,385000,AZN,1.00
Mercedes C 180,6500,1994,1.8,398000,AZN,1.00
Mercedes C 180,7500,1995,1.8,345000,AZN,1.00
Mercedes C 180,11900,2006,1.6,216000,AZN,1.00
Mercedes C 180,9200,1998,1.8,320856,AZN,1.00
Mercedes C 180,9000,1998,1.8,400000,AZN,1.00
Mercedes C 180,7400,1996,1.8,350000,AZN,1.00
Mercedes C 180,10800,1999,1.8,288062,AZN,1.00
Mercedes C 180,8500,1995,1.8,400600,AZN,1.00
Mercedes C 180,6250,2008,4.0,146000,AZN,1.00
Mercedes C 180,7500,1994,1.8,412000,AZN,1.00
Mercedes C 180,8900,1997,1.8,280000,AZN,1.00
Mercedes C 180,9700,1998,1.8,333333,AZN,1.00
Mercedes C 180,11800,1998,1.8,332000,AZN,1.00
Mercedes C 180,10000,1999,1.8,290000,AZN,1.00
Mercedes C 180,11700,1999,1.8,298000,AZN,1.00
Mercedes C 180,45000,2007,1.5,145000,AZN,1.00
Mercedes C 180,4500,1996,1.8,236000,AZN,1.00
Mercedes C 180,7900,1994,1.8,140956,AZN,1.00
Mercedes C 180,7500,1995,1.8,390000,AZN,1.00
Mercedes C 180,8200,1996,1.8,302000,AZN,1.00
Mercedes C 180,7900,1994,1.8,414000,AZN,1.00
Mercedes C 180,10700,1997,1.8,150000,AZN,1.00
Mercedes C 180,10700,1997,1.8,380000,AZN,1.00
Mercedes C 180,8800,1998,1.8,260000,AZN,1.00
Mercedes C 180,7700,1994,1.8,250000,AZN,1.00
Mercedes C 180,6900,1994,1.8,328500,AZN,1.00
Mercedes C 180,10800,1997,1.8,272120,AZN,1.00
Mercedes C 180,8200,1994,1.8,236000,AZN,1.00
Mercedes C 180,9900,1997,1.8,365248,AZN,1.00
Mercedes C 180,7200,1995,1.8,400000,AZN,1.00
Mercedes C 180,9400,1997,1.8,442000,AZN,1.00
Mercedes C 180,8550,1995,1.8,246000,AZN,1.00
Mercedes C 180,11300,1999,1.8,258000,AZN,1.00
Mercedes C 180,7600,1996,1.8,330400,AZN,1.00
Mercedes C 180,7900,1995,1.8,252000,AZN,1.00
Mercedes C 180,8550,1994,1.8,494515,AZN,1.00
Mercedes C 180,9300,1998,1.8,400000,AZN,1.00
Mercedes C 180,10000,1996,1.8,360000,AZN,1.00
Mercedes C 180,10100,1999,1.8,195211,AZN,1.00
Mercedes C 180,8300,1997,1.8,301000,AZN,1.00
Mercedes C 180,8200,1995,1.8,270000,AZN,1.00
Mercedes C 180,9700,1997,1.8,303000,AZN,1.00
Mercedes C 180,4700,1994,1.8,489413,$,1.70
Mercedes C 180,10200,1998,1.8,147000,AZN,1.00
Mercedes C 180,7200,1995,1.8,350572,AZN,1.00
Mercedes C 180,11700,1998,1.8,188149,AZN,1.00
Mercedes C 180,11200,1998,1.8,501046,AZN,1.00
Mercedes C 180,11200,1998,1.8,202075,AZN,1.00
Mercedes C 180,9000,1996,1.8,270000,AZN,1.00
Mercedes C 180,8500,1998,1.8,280000,AZN,1.00
Mercedes C 180,12500,1999,1.8,250000,AZN,1.00
Mercedes C 180,9800,1999,1.8,188000,AZN,1.00
Mercedes C 180,12800,1998,1.8,270000,AZN,1.00
Mercedes C 180,9000,1998,1.8,185000,AZN,1.00
Mercedes C 180,9800,1998,1.8,346000,AZN,1.00
Mercedes C 180,12000,2001,1.8,240000,AZN,1.00
Mercedes C 180,10000,1999,1.8,86000,AZN,1.00
Mercedes C 180,9500,1996,1.8,170000,AZN,1.00
Mercedes C 180,7200,1993,1.8,333000,AZN,1.00
Mercedes C 180,9700,1998,1.8,260000,AZN,1.00
Mercedes C 180,11000,2009,2.0,175000,AZN,1.00
Mercedes C 180,6900,1993,1.8,344000,AZN,1.00
Mercedes C 180,6600,1994,1.8,325000,AZN,1.00
Mercedes C 180,9000,1995,1.8,100000,AZN,1.00
Mercedes C 180,10700,1998,1.8,228000,AZN,1.00
Mercedes C 180,11900,1992,2.0,298000,AZN,1.00
Mercedes C 180,28800,2013,3.6,61000,$,1.70
Mercedes C 180,9400,2007,1.6,100000,AZN,1.00
Mercedes C 180,8500,1995,1.8,289000,AZN,1.00
Mercedes C 180,10000,1999,1.8,235000,AZN,1.00
Mercedes C 180,9400,1997,1.8,200000,AZN,1.00
Mercedes C 180,10500,1998,1.8,222900,AZN,1.00
Mercedes C 180,24000,2009,1.8,195954,AZN,1.00
Mercedes C 180,12200,1999,1.8,268829,AZN,1.00
Mercedes C 180,9800,1994,1.8,307117,AZN,1.00
Mercedes C 180,7950,1996,1.8,300000,AZN,1.00
Mercedes C 180,10400,1997,2.0,380000,AZN,1.00
Mercedes C 180,11000,2001,2.0,189000,AZN,1.00
Mercedes C 180,10500,1999,1.8,150000,AZN,1.00
Mercedes C 180,9300,1996,1.8,540000,AZN,1.00
Mercedes C 180,7900,1996,1.8,326000,AZN,1.00
Mercedes C 180,5700,1996,1.7,530030,AZN,1.00
Mercedes C 180,11000,2011,1.7,123000,AZN,1.00
Mercedes C 180,11800,2011,2.0,75000,AZN,1.00
Mercedes C 180,8500,2014,1.5,276000,AZN,1.00
Mercedes C 180,10242,2006,2.0,141000,AZN,1.00
Mercedes C 180,10800,1997,1.8,259000,AZN,1.00
Mercedes C 180,8350,1994,1.8,331176,AZN,1.00
Mercedes C 180,9300,1998,1.8,287000,AZN,1.00
Mercedes C 180,10800,1997,1.8,238000,AZN,1.00
Mercedes C 180,11800,1999,1.8,390000,AZN,1.00
Mercedes C 180,10800,1998,1.8,207000,AZN,1.00
Mercedes C 180,9200,1995,1.8,395000,AZN,1.00
Mercedes C 180,11000,1999,1.8,136000,AZN,1.00
Mercedes C 180,9700,1998,1.8,430000,AZN,1.00
Mercedes C 180,10800,1998,1.8,214450,AZN,1.00
Mercedes C 180,11600,1999,1.8,266178,AZN,1.00
Mercedes C 180,10800,1997,1.8,266304,AZN,1.00
Mercedes C 180,13000,1999,1.8,330000,AZN,1.00
Mercedes C 180,6900,1994,1.8,500000,AZN,1.00
Mercedes C 180,9800,1998,1.8,275000,AZN,1.00
Mercedes C 180,7100,1995,1.8,342580,AZN,1.00
Mercedes C 180,11500,1998,1.8,320,AZN,1.00
Mercedes C 180,10200,1999,1.8,445000,AZN,1.00
Mercedes C 180,10600,1999,1.8,390001,AZN,1.00
Mercedes C 180,9200,1998,1.8,39000,AZN,1.00
Mercedes C 180,9700,1998,1.8,350000,AZN,1.00
Mercedes C 180,7600,1994,1.8,208000,AZN,1.00
Mercedes C 180,9200,2004,1.2,97250,AZN,1.00
Mercedes C 180,6800,2003,1.6,165000,AZN,1.00
Mercedes C 180,25000,2009,2.0,100000,AZN,1.00
Mercedes C 180,7900,1998,1.8,365000,AZN,1.00
Mercedes C 180,8500,1997,1.8,255000,AZN,1.00
Mercedes C 180,9500,2013,4.4,120000,AZN,1.00
Mercedes C 180,7700,1995,1.8,516250,AZN,1.00
Mercedes C 180,7900,1996,1.8,410000,AZN,1.00
Mercedes C 180,9800,1995,1.8,348965,AZN,1.00
Mercedes C 180,9700,1996,1.8,205863,AZN,1.00
Mercedes C 180,9500,2001,1.8,300000,AZN,1.00
Mercedes C 180,12200,1998,1.8,196785,AZN,1.00
Mercedes C 180,7300,1995,1.8,236545,AZN,1.00
Mercedes C 180,8000,1996,1.8,620374,AZN,1.00
Mercedes C 180,7000,1995,1.8,340000,AZN,1.00
Mercedes C 180,23500,2008,1.8,193000,AZN,1.00
Mercedes C 180,9500,1998,1.8,328680,AZN,1.00
Mercedes C 180,9300,1997,1.8,219904,AZN,1.00
Mercedes C 180,11000,1998,1.8,380000,AZN,1.00
Mercedes C 180,16000,2000,1.8,127000,AZN,1.00
Mercedes C 180,10800,1997,1.8,334000,AZN,1.00
Mercedes C 180,9000,1997,1.8,345000,AZN,1.00
Mercedes C 180,7200,1995,1.8,300000,AZN,1.00
Mercedes C 180,11000,2000,1.8,195385,AZN,1.00
Mercedes C 180,9000,1998,1.8,239851,AZN,1.00
Mercedes C 180,11200,1998,1.8,261597,AZN,1.00
Mercedes C 180,11800,1999,2.0,323000,AZN,1.00
Mercedes C 180,8800,1997,1.8,380000,AZN,1.00
Mercedes C 180,9300,1995,1.8,356800,AZN,1.00
Mercedes C 180,8000,1997,2.2,472316,AZN,1.00
Mercedes C 180,10700,1998,1.8,241023,AZN,1.00
Mercedes C 180,7500,1994,1.8,450000,AZN,1.00
Mercedes C 180,7600,1995,1.8,363120,AZN,1.00
Mercedes C 180,8200,1993,1.8,298063,AZN,1.00
Mercedes C 180,10500,1999,1.8,295800,AZN,1.00
Mercedes C 180,8900,1997,1.8,580000,AZN,1.00
Mercedes C 180,11500,1998,1.8,292000,AZN,1.00
Mercedes C 180,8700,1998,1.8,395555,AZN,1.00
Mercedes C 180,7800,1995,1.8,350000,AZN,1.00
Mercedes C 180,6000,1994,1.8,455368,AZN,1.00
Mercedes C 180,7000,1995,1.8,205000,AZN,1.00
Mercedes C 180,7650,1995,1.8,450100,AZN,1.00
Mercedes C 180,8400,1994,1.8,221400,AZN,1.00
Mercedes C 180,9700,1998,1.8,290000,AZN,1.00
Mercedes C 180,8600,1996,1.8,226809,AZN,1.00
Mercedes C 180,6999,1994,1.8,400000,AZN,1.00
Mercedes C 180,5500,1996,1.8,300000,AZN,1.00
Mercedes C 180,10200,1998,1.8,322000,AZN,1.00
Mercedes C 180,11200,1999,1.8,250000,AZN,1.00
Mercedes C 180,7500,1994,1.8,147000,AZN,1.00
Mercedes C 180,8000,1994,1.8,147800,AZN,1.00
Mercedes C 180,11500,1998,1.8,369000,AZN,1.00
Mercedes C 180,11700,1997,1.8,320000,AZN,1.00
Mercedes C 180,12000,1998,1.8,315425,AZN,1.00
Mercedes C 180,9450,1997,1.8,310000,AZN,1.00
Mercedes C 180,8500,1996,1.8,229304,AZN,1.00
Mercedes C 180,10300,1997,1.8,227000,AZN,1.00
Mercedes C 180,7600,1994,1.8,350000,AZN,1.00
Mercedes C 180,9800,1997,1.8,273487,AZN,1.00
Mercedes C 180,12100,1998,1.8,285000,AZN,1.00
Mercedes C 180,9000,1996,1.8,298000,AZN,1.00
Mercedes C 180,10900,1999,1.8,221000,AZN,1.00
Mercedes C 180,8700,1996,1.8,292000,AZN,1.00
Mercedes C 180,7600,1994,1.8,245000,AZN,1.00
Mercedes C 180,10800,1998,1.8,230000,AZN,1.00
Mercedes C 180,10000,1998,1.8,250000,AZN,1.00
Mercedes C 180,11300,2000,1.8,250000,AZN,1.00
Mercedes C 180,9500,2000,2.0,206000,AZN,1.00
Mercedes C 180,10500,1999,1.8,136430,AZN,1.00
Mercedes C 180,10700,1999,1.8,246231,AZN,1.00
Mercedes C 180,9650,1998,1.8,262000,AZN,1.00
Mercedes C 180,9800,1997,1.8,277000,AZN,1.00
Mercedes C 180,10800,1998,1.8,227463,AZN,1.00
Mercedes C 180,10700,1997,1.8,28365,AZN,1.00
Mercedes C 180,11500,1999,1.8,342000,AZN,1.00
Mercedes C 180,11000,1999,1.8,297588,AZN,1.00
Mercedes C 180,9500,1995,2.0,261869,AZN,1.00
Mercedes C 180,10500,1998,1.8,397000,AZN,1.00
Mercedes C 180,6200,1994,1.8,322153,AZN,1.00
Mercedes C 180,10900,1997,1.8,341000,AZN,1.00
Mercedes C 180,12000,1998,1.8,205000,AZN,1.00
Mercedes C 180,8800,1997,1.8,690000,AZN,1.00
Mercedes C 180,12200,1999,1.8,313092,AZN,1.00
Mercedes C 180,7000,1997,2.4,320000,AZN,1.00
Mercedes C 180,11500,1998,1.8,212000,AZN,1.00
Mercedes C 180,11000,1997,1.8,219034,AZN,1.00
Mercedes C 180,29400,2014,1.6,102000,$,1.70
Mercedes C 180,11500,1999,1.8,110022,AZN,1.00
Mercedes C 180,11300,1999,1.8,226360,AZN,1.00
Mercedes C 180,6500,1997,2.0,310000,AZN,1.00
Mercedes C 180,8000,1994,1.8,350000,AZN,1.00
Mercedes C 180,9300,1997,1.8,327000,AZN,1.00
Mercedes C 180,10500,1998,2.2,265000,AZN,1.00
Mercedes C 180,10200,1999,1.8,400200,AZN,1.00
Mercedes C 180,13500,1998,1.8,157000,AZN,1.00
Mercedes C 180,10500,1995,1.8,414965,AZN,1.00
Mercedes C 180,12500,1995,1.8,368545,AZN,1.00
Mercedes C 180,7400,1994,2.0,351000,AZN,1.00
Mercedes C 180,9800,1997,1.8,253000,AZN,1.00
Mercedes C 180,9400,2007,1.6,570057,AZN,1.00
Mercedes C 180,8200,2006,2.5,36000,AZN,1.00
Mercedes C 180,4600,1998,2.5,155000,AZN,1.00
Mercedes C 180,7000,1995,1.8,100000,AZN,1.00
Mercedes C 180,9000,1997,1.8,278000,AZN,1.00
Mercedes C 180,8200,1995,1.8,383009,AZN,1.00
Mercedes C 180,10800,1997,1.8,325533,AZN,1.00
Mercedes C 180,9500,1998,1.8,592757,AZN,1.00
Mercedes C 180,11500,1998,1.8,380000,AZN,1.00
Mercedes C 180,10500,1998,1.8,296000,AZN,1.00
Mercedes C 180,8800,1995,1.8,250000,AZN,1.00
Mercedes C 180,9500,1996,1.8,378000,AZN,1.00
Mercedes C 180,8800,1995,2.0,473000,AZN,1.00
Mercedes C 180,7000,1994,1.8,360000,AZN,1.00
Mercedes C 180,8600,1998,1.8,300000,AZN,1.00
Mercedes C 180,10300,1998,1.8,217600,AZN,1.00
Mercedes C 180,10500,1997,1.8,354000,AZN,1.00
Mercedes C 180,6100,1997,1.8,300000,AZN,1.00
Mercedes C 180,13500,2006,1.8,276000,AZN,1.00
Mercedes C 180,9400,1996,1.8,294000,AZN,1.00
Mercedes C 180,10300,1998,1.8,420000,AZN,1.00
Mercedes C 180,10500,1998,1.8,230000,AZN,1.00
Mercedes C 180,7500,1992,2.0,370000,AZN,1.00
Mercedes C 180,11500,1999,1.8,400000,AZN,1.00
Mercedes C 180,7700,1996,1.8,201000,AZN,1.00
Mercedes C 180,11800,1999,1.8,300000,AZN,1.00
Mercedes C 180,12000,1998,1.5,255000,AZN,1.00
Mercedes C 180,10900,1999,1.8,365400,AZN,1.00
Mercedes C 180,7000,1995,1.8,333000,AZN,1.00
Mercedes C 180,7200,1994,1.8,145000,AZN,1.00
Mercedes C 180,10700,1998,1.8,252693,AZN,1.00
Mercedes C 180,7400,1995,1.8,319000,AZN,1.00
Mercedes C 180,8250,1994,1.8,247000,AZN,1.00
Mercedes C 180,8800,1994,1.8,412000,AZN,1.00
Mercedes C 180,10500,1999,1.8,325250,AZN,1.00
Mercedes C 180,6850,1993,1.8,55000,AZN,1.00
Mercedes C 180,10000,1997,1.8,360000,AZN,1.00
Mercedes C 180,11500,1997,1.8,223000,AZN,1.00
Mercedes C 180,6600,1994,1.8,370000,AZN,1.00
Mercedes C 180,7500,1994,1.8,250000,AZN,1.00
Mercedes C 180,10000,1997,2.0,222222,AZN,1.00
Mercedes C 180,8900,1996,1.8,280000,AZN,1.00
Mercedes C 180,7800,1995,1.8,320000,AZN,1.00
Mercedes C 180,9500,1997,1.8,280000,AZN,1.00
Mercedes C 180,11800,1999,1.8,255000,AZN,1.00
Mercedes C 180,10300,1997,1.8,464250,AZN,1.00
Mercedes C 180,7300,1994,1.8,250000,AZN,1.00
Mercedes C 180,8800,1996,1.8,310000,AZN,1.00
Mercedes C 180,8850,1994,1.8,442000,AZN,1.00
Mercedes C 180,9800,1999,1.8,408000,AZN,1.00
Mercedes C 180,9000,1998,1.8,390000,AZN,1.00
Mercedes C 180,7300,1994,1.8,250000,AZN,1.00
Mercedes C 180,11500,1998,1.8,23000,AZN,1.00
Mercedes C 180,11600,1998,1.8,190000,AZN,1.00
Mercedes C 180,7500,1996,1.8,508440,AZN,1.00
Mercedes C 180,10500,1999,1.8,400000,AZN,1.00
Mercedes C 180,7200,1994,1.8,253423,AZN,1.00
Mercedes C 180,11000,1998,1.8,207221,AZN,1.00
Mercedes C 180,8500,1993,1.8,260000,AZN,1.00
Mercedes C 180,8100,1995,1.8,383000,AZN,1.00
Mercedes C 180,10100,1998,1.8,310000,AZN,1.00
Mercedes C 180,9000,1997,1.8,30000,AZN,1.00
Mercedes C 180,8500,1996,1.8,360000,AZN,1.00
Mercedes C 180,8250,1994,1.8,400000,AZN,1.00
Mercedes C 180,9000,1995,1.8,374701,AZN,1.00
Mercedes C 180,11400,1998,1.8,232536,AZN,1.00
Mercedes C 180,11000,1997,1.8,370000,AZN,1.00
Mercedes C 180,10500,1997,1.8,204523,AZN,1.00
Mercedes C 180,9800,1997,1.8,289000,AZN,1.00
Mercedes C 180,12500,1999,1.8,317000,AZN,1.00
Mercedes C 180,2200,1978,1.6,725330,AZN,1.00
Mercedes C 180,11800,1998,1.8,210000,AZN,1.00
Mercedes C 180,7200,1995,1.8,232000,AZN,1.00
Mercedes C 180,8600,1997,1.8,433500,AZN,1.00
Mercedes C 180,8800,1996,1.8,428000,AZN,1.00
Mercedes C 180,11500,1999,1.8,30600,AZN,1.00
Mercedes C 180,8000,1994,1.8,304000,AZN,1.00
Mercedes C 180,7600,1995,1.8,254391,AZN,1.00
Mercedes C 180,12500,1998,1.8,214531,AZN,1.00
Mercedes C 180,12500,1998,2.0,160000,AZN,1.00
Mercedes C 180,8700,1998,1.8,488000,AZN,1.00
Mercedes C 180,7000,1994,1.8,255400,AZN,1.00
Mercedes C 180,10200,1998,1.8,208000,AZN,1.00
Mercedes C 180,9000,1996,1.8,336000,AZN,1.00
Mercedes C 180,13300,1998,1.8,35000,AZN,1.00
Mercedes C 180,13500,1999,1.8,264000,AZN,1.00
Mercedes C 180,10800,1997,1.8,380000,AZN,1.00
Mercedes C 180,9900,1998,1.8,335000,AZN,1.00
Mercedes C 180,9800,1998,1.8,316000,AZN,1.00
Mercedes C 180,12000,1999,1.8,270000,AZN,1.00
Mercedes C 180,9300,1997,1.8,178000,AZN,1.00
Mercedes C 180,8500,1996,1.8,540000,AZN,1.00
Mercedes C 180,7450,1995,1.8,274000,AZN,1.00
Mercedes C 180,6200,1996,1.8,290555,AZN,1.00
Mercedes C 180,10800,1997,1.8,248000,AZN,1.00
Mercedes C 180,7800,1994,1.8,350000,AZN,1.00
Mercedes C 180,8800,1995,1.8,308000,AZN,1.00
Mercedes C 180,10800,1999,1.8,335000,AZN,1.00
Mercedes C 180,9700,1998,1.8,300000,AZN,1.00
Mercedes C 180,9500,1997,1.8,245699,AZN,1.00
Mercedes C 180,16500,2008,3.0,178000,AZN,1.00
Mercedes C 180,8000,1993,1.8,153000,AZN,1.00
Mercedes C 180,12500,1998,1.8,220000,AZN,1.00
Mercedes C 180,11000,1999,1.8,262999,AZN,1.00
Mercedes C 180,13000,2002,1.8,294000,AZN,1.00
Mercedes C 180,7000,1994,1.8,383000,AZN,1.00
Mercedes C 180,12000,1998,1.8,376289,AZN,1.00
Mercedes C 180,8500,1997,1.8,270000,AZN,1.00
Mercedes C 180,6500,1994,1.8,232000,AZN,1.00
Mercedes C 180,7100,1994,1.8,230000,AZN,1.00
Mercedes C 180,7300,1993,1.8,338600,AZN,1.00
Mercedes C 180,8500,1995,1.8,350000,AZN,1.00
Mercedes C 180,9600,1998,1.8,450000,AZN,1.00
Mercedes C 180,9800,1999,1.8,215600,AZN,1.00
Mercedes C 180,45000,2017,1.6,19700,$,1.70
Mercedes C 180,8700,1995,1.8,392000,AZN,1.00
Mercedes C 180,4700,1993,1.8,430000,AZN,1.00
Mercedes C 180,6400,1994,1.8,519556,AZN,1.00
Mercedes C 180,7000,1995,1.8,346000,AZN,1.00
Mercedes C 180,45800,2017,1.6,19600,$,1.70
Mercedes C 180,9200,1998,1.8,458500,AZN,1.00
Mercedes C 180,2200,1994,1.8,410000,AZN,1.00
Mercedes C 180,2600,1990,1.5,700000,AZN,1.00
Mercedes C 180,7800,1995,1.8,250000,AZN,1.00
Mercedes C 180,7750,1994,1.8,467098,AZN,1.00
Mercedes C 180,11700,1999,1.8,301000,AZN,1.00
Mercedes C 180,9500,1998,1.8,318000,AZN,1.00
Mercedes C 180,9800,1997,1.8,312000,AZN,1.00
Mercedes C 180,11500,1998,1.8,412000,AZN,1.00
Mercedes C 180,9050,1996,1.8,416813,AZN,1.00
Mercedes C 180,9800,2000,1.8,433885,AZN,1.00
Mercedes C 180,8000,1994,1.8,369000,AZN,1.00
Mercedes C 180,7400,1996,1.8,264575,AZN,1.00
Mercedes C 180,7800,1998,1.8,250000,AZN,1.00
Mercedes C 180,6700,1993,1.8,250000,AZN,1.00
Mercedes C 180,11700,1998,1.8,250654,AZN,1.00
Mercedes C 180,12600,2002,1.8,218000,AZN,1.00
Mercedes C 180,12500,1999,1.8,235500,AZN,1.00
Mercedes C 180,7800,1994,1.8,560000,AZN,1.00
Mercedes C 180,12700,1997,1.8,271000,AZN,1.00
Mercedes C 180,15500,1999,2.4,278500,AZN,1.00
Mercedes C 180,12000,2000,1.8,280000,AZN,1.00
Mercedes C 180,12000,1998,1.8,280000,AZN,1.00
Mercedes C 180,8500,1996,1.8,336000,AZN,1.00
Mercedes C 180,10700,1998,1.8,280937,AZN,1.00
Mercedes C 180,11000,1998,1.8,223000,AZN,1.00
Mercedes C 180,10500,1997,1.8,348500,AZN,1.00
Mercedes C 180,7100,1994,1.8,378000,AZN,1.00
Mercedes C 180,12300,2000,1.8,283000,AZN,1.00
Mercedes C 180,13900,2005,1.8,214000,AZN,1.00
Mercedes C 180,10500,1996,2.0,622137,AZN,1.00
Mercedes C 180,8900,1995,1.8,400000,AZN,1.00
Mercedes C 180,8500,1996,1.8,346500,AZN,1.00
Mercedes C 180,9300,1995,1.8,460576,AZN,1.00
Mercedes C 180,11500,1997,1.8,191000,AZN,1.00
Mercedes C 180,12800,1998,1.8,227000,AZN,1.00
Mercedes C 180,11700,1998,1.8,427610,AZN,1.00
Mercedes C 180,8500,1995,1.8,395000,AZN,1.00
Mercedes C 180,3300,1992,1.6,325000,AZN,1.00
Mercedes C 180,9800,1998,1.8,267077,AZN,1.00
Mercedes C 180,11800,1998,1.8,187699,AZN,1.00
Mercedes C 180,8600,1999,1.8,350000,AZN,1.00
Mercedes C 180,12800,2014,1.7,68000,AZN,1.00
Mercedes C 180,11700,1999,1.8,240000,AZN,1.00
Mercedes C 180,7800,1994,1.8,548000,AZN,1.00
Mercedes C 180,8500,1995,1.8,245688,AZN,1.00
Mercedes C 180,12300,1999,1.8,191395,AZN,1.00
Mercedes C 180,8500,2008,4.8,245000,AZN,1.00
Mercedes C 180,21800,2009,1.8,230000,AZN,1.00
Mercedes C 180,13000,1999,1.8,219000,AZN,1.00
Mercedes C 180,10500,1998,1.8,300000,AZN,1.00
Mercedes C 180,6900,1995,1.8,256000,AZN,1.00
Mercedes C 180,12600,2002,1.8,180000,AZN,1.00
Mercedes C 180,8300,1997,1.8,350000,AZN,1.00
Mercedes C 180,8800,1996,1.8,400000,AZN,1.00
Mercedes C 180,10500,1998,1.8,300000,AZN,1.00
Mercedes C 180,9500,1995,1.8,394000,AZN,1.00
Mercedes C 180,12300,1998,1.8,247780,AZN,1.00
Mercedes C 180,12900,2000,1.8,173000,AZN,1.00
Mercedes C 180,9800,2002,2.0,249155,AZN,1.00
Mercedes C 180,9300,1997,1.8,267000,AZN,1.00
Mercedes C 180,7500,1995,1.8,324567,AZN,1.00
Mercedes C 180,8000,1994,1.8,154000,AZN,1.00
Mercedes C 180,7800,1994,1.8,450000,AZN,1.00
Mercedes C 180,12800,2012,1.4,196000,AZN,1.00
Mercedes C 180,7900,1995,1.8,355000,AZN,1.00
Mercedes C 180,9500,1995,1.8,361220,AZN,1.00
Mercedes C 180,10500,1999,1.8,398000,AZN,1.00
Mercedes C 180,6700,1994,1.8,359663,AZN,1.00
Mercedes C 180,12800,2000,1.8,362000,AZN,1.00
Mercedes C 180,10500,1998,1.8,215240,AZN,1.00
Mercedes C 180,11000,1997,1.8,214500,AZN,1.00
Mercedes C 180,8000,1995,1.8,477000,AZN,1.00
Mercedes C 180,10500,1999,1.8,324000,AZN,1.00
Mercedes C 180,10700,1998,1.8,255000,AZN,1.00
Mercedes C 180,10300,1998,1.8,175000,AZN,1.00
Mercedes C 180,13800,1999,1.8,333000,AZN,1.00
Mercedes C 180,11400,1998,1.8,302141,AZN,1.00
Mercedes C 180,10900,1998,1.8,281000,AZN,1.00
Mercedes C 180,11500,1999,1.8,322000,AZN,1.00
Mercedes C 180,9600,1996,1.8,439438,AZN,1.00
Mercedes C 180,9900,1998,1.8,262032,AZN,1.00
Mercedes C 180,11200,1998,1.8,260321,AZN,1.00
Mercedes C 180,10000,1996,1.8,360000,AZN,1.00
Mercedes C 180,12000,1999,1.8,315000,AZN,1.00
Mercedes C 180,10500,1997,2.0,280000,AZN,1.00
Mercedes C 180,10000,1998,1.8,570000,AZN,1.00
Mercedes C 180,12000,1997,1.8,319925,AZN,1.00
Mercedes C 180,10600,1997,1.8,445000,AZN,1.00
Mercedes C 180,10700,1998,1.8,285434,AZN,1.00
Mercedes C 180,5000,1995,1.8,254000,AZN,1.00
Mercedes C 180,8200,1994,1.8,293417,AZN,1.00
Mercedes C 180,7500,1993,2.0,250000,AZN,1.00
Mercedes C 180,7200,2001,2.0,155000,AZN,1.00
Mercedes C 180,12300,1998,1.8,196168,AZN,1.00
Mercedes C 180,8800,1998,1.8,757000,AZN,1.00
Mercedes C 180,12200,1998,1.8,163750,AZN,1.00
Mercedes C 180,7700,1994,1.8,285000,AZN,1.00
Mercedes C 180,6400,2008,1.6,120008,AZN,1.00
Mercedes C 180,7500,1993,1.8,346500,AZN,1.00
Mercedes C 180,6500,1994,1.8,440000,AZN,1.00
Mercedes C 180,11500,1998,1.8,425980,AZN,1.00
Mercedes C 180,7200,1995,1.8,330000,AZN,1.00
Mercedes C 180,8500,1995,1.8,487000,AZN,1.00
Mercedes C 180,9900,1998,1.8,212453,AZN,1.00
Mercedes C 180,7600,1994,1.8,240000,AZN,1.00
Mercedes C 180,7500,1994,1.8,340000,AZN,1.00
Mercedes C 180,9550,1997,1.8,359000,AZN,1.00
Mercedes C 180,13000,1999,1.8,163000,AZN,1.00
Mercedes C 180,12000,1998,1.8,354360,AZN,1.00
Mercedes C 180,11800,1998,1.8,252321,AZN,1.00
Mercedes C 180,10500,1998,1.8,100000,AZN,1.00
Mercedes C 180,11400,1999,1.8,264000,AZN,1.00
Mercedes C 180,8500,1995,1.8,400000,AZN,1.00
Mercedes C 180,11900,1999,1.8,405449,AZN,1.00
Mercedes C 180,11500,1998,1.8,275500,AZN,1.00
Mercedes C 180,10800,1998,1.8,275000,AZN,1.00
Mercedes C 180,6500,1994,1.8,372000,AZN,1.00
Mercedes C 180,12800,2000,1.8,179000,AZN,1.00
Mercedes C 180,10800,1998,1.8,227500,AZN,1.00
Mercedes C 180,2500,1994,2.4,320000,AZN,1.00
Mercedes C 180,36000,2007,3.0,250000,AZN,1.00
Mercedes C 180,9700,1997,1.8,300000,AZN,1.00
Mercedes C 180,11400,1999,1.8,228000,AZN,1.00
Mercedes C 180,10300,1998,1.8,420652,AZN,1.00
Mercedes C 180,12500,1998,1.8,234444,AZN,1.00
Mercedes C 180,11300,1998,1.8,256000,AZN,1.00
Mercedes C 180,9500,1998,1.8,325550,AZN,1.00
Mercedes C 180,11440,1997,1.8,338440,AZN,1.00
Mercedes C 180,10650,1999,1.8,387000,AZN,1.00
Mercedes C 180,8000,1994,1.8,455000,AZN,1.00
Mercedes C 180,13500,2000,1.8,195000,AZN,1.00
Mercedes C 180,22500,2007,1.8,147000,AZN,1.00
Mercedes C 180,11700,1998,1.8,375000,AZN,1.00
Mercedes C 180,9300,1998,1.8,240000,AZN,1.00
Mercedes C 180,7400,1993,1.8,423000,AZN,1.00
Mercedes C 180,12800,2004,1.8,176000,AZN,1.00
Mercedes C 180,8500,1995,1.8,433064,AZN,1.00
Mercedes C 180,11000,1998,1.8,220000,AZN,1.00
Mercedes C 180,11000,1998,1.8,367000,AZN,1.00
Mercedes C 180,10000,1995,1.8,239000,AZN,1.00
Mercedes C 180,8500,1995,1.8,350000,AZN,1.00
Mercedes C 180,6650,1993,1.8,560000,AZN,1.00
Mercedes C 180,6800,1994,1.8,200000,AZN,1.00
Mercedes C 180,10000,1998,1.8,306036,AZN,1.00
Mercedes C 180,8500,1993,1.8,250000,AZN,1.00
Mercedes C 180,9000,1996,1.8,175000,AZN,1.00
Mercedes C 180,7500,1994,1.8,345000,AZN,1.00
Mercedes C 180,11000,1999,1.8,385967,AZN,1.00
Mercedes C 180,9000,1996,1.8,245594,AZN,1.00
Mercedes C 180,8700,1997,1.8,315000,AZN,1.00
Mercedes C 180,12000,1998,1.8,135000,AZN,1.00
Mercedes C 180,10000,1997,1.8,249000,AZN,1.00
Mercedes C 180,14400,2005,1.8,175000,AZN,1.00
Mercedes C 180,8000,1994,1.8,360000,AZN,1.00
Mercedes C 180,11600,1998,1.8,253269,AZN,1.00
Mercedes C 180,11800,1997,1.8,175670,AZN,1.00
Mercedes C 180,7900,1994,1.8,358000,AZN,1.00
Mercedes C 180,8800,1995,1.8,248500,AZN,1.00
Mercedes C 180,6500,1993,1.8,377770,AZN,1.00
Mercedes C 180,9000,1995,1.8,341088,AZN,1.00
Mercedes C 180,9600,1996,1.8,350000,AZN,1.00
Mercedes C 180,7300,1995,1.8,240000,AZN,1.00
Mercedes C 180,11000,1998,1.8,231312,AZN,1.00
Mercedes C 180,9800,1997,1.8,436704,AZN,1.00
Mercedes C 180,12200,1999,1.8,245000,AZN,1.00
Mercedes C 180,7700,1994,1.8,423000,AZN,1.00
Mercedes C 180,8800,1996,2.0,256354,AZN,1.00
Mercedes C 180,9300,1996,1.8,230000,AZN,1.00
Mercedes C 180,12500,1998,1.8,190000,AZN,1.00
Mercedes C 180,9000,1995,1.8,487000,AZN,1.00
Mercedes C 180,9500,1998,1.8,273000,AZN,1.00
Mercedes C 180,7300,1995,1.8,345000,AZN,1.00
Mercedes C 180,13500,2002,1.8,237328,AZN,1.00
Mercedes C 180,7300,1995,1.8,427000,AZN,1.00
Mercedes C 180,10500,1999,1.8,270000,AZN,1.00
Mercedes C 180,9000,1994,1.8,224000,AZN,1.00
Mercedes C 180,10800,1998,1.8,335000,AZN,1.00
Mercedes C 180,9300,1996,1.8,450000,AZN,1.00
Mercedes C 180,8500,1995,1.8,255000,AZN,1.00
Mercedes C 180,7900,1995,1.8,500000,AZN,1.00
Mercedes C 180,11500,1998,1.8,185500,AZN,1.00
Mercedes C 180,10800,1998,1.8,273000,AZN,1.00
Mercedes C 180,9650,1997,1.8,259537,AZN,1.00
Mercedes C 180,8500,1994,1.8,319000,AZN,1.00
Mercedes C 180,7300,1993,1.8,263000,AZN,1.00
Mercedes C 180,8800,1995,1.8,380000,AZN,1.00
Mercedes C 180,11800,1998,1.8,320000,AZN,1.00
Mercedes C 180,6900,1994,1.8,235000,AZN,1.00
Mercedes C 180,10000,2000,1.8,286000,AZN,1.00
Mercedes C 180,8200,1995,1.8,367000,AZN,1.00
Mercedes C 180,9300,1997,1.8,410000,AZN,1.00
Mercedes C 180,10999,1998,1.8,230000,AZN,1.00
Mercedes C 180,11500,1999,1.8,300000,AZN,1.00
Mercedes C 180,11500,1999,1.8,86000,AZN,1.00
Mercedes C 180,9000,1996,1.8,156000,AZN,1.00
Mercedes C 180,11000,1998,1.8,240000,AZN,1.00
Mercedes C 180,12500,1998,1.8,298000,AZN,1.00
Mercedes C 180,11500,1997,1.8,290000,AZN,1.00
Mercedes C 180,7600,1993,2.2,399872,AZN,1.00
Mercedes C 180,12000,2002,2.0,332410,AZN,1.00
Mercedes C 180,10070,1994,1.8,405000,AZN,1.00
Mercedes C 180,7850,1994,1.8,290000,AZN,1.00
Mercedes C 180,7950,1995,1.8,614523,AZN,1.00
Mercedes C 180,6500,1994,1.8,450000,AZN,1.00
Mercedes C 180,6900,1994,1.8,360000,AZN,1.00
Mercedes C 180,8900,1996,1.8,218850,AZN,1.00
Mercedes C 180,11300,1998,1.8,261000,AZN,1.00
Mercedes C 180,7900,1995,1.8,300000,AZN,1.00
Mercedes C 180,13500,2001,2.0,300000,AZN,1.00
Mercedes C 180,12000,1998,1.8,298465,AZN,1.00
Mercedes C 180,11500,2014,2.0,88000,AZN,1.00
Mercedes C 180,7300,1993,1.8,356000,AZN,1.00
Mercedes C 180,10600,1998,1.8,210000,AZN,1.00
Mercedes C 180,6300,1994,1.8,432101,AZN,1.00
Mercedes C 180,11800,1999,1.8,313000,AZN,1.00
Mercedes C 180,5500,1994,1.8,230000,AZN,1.00
Mercedes C 180,10700,1998,1.8,382500,AZN,1.00
Mercedes C 180,12800,2004,1.8,177000,AZN,1.00
Mercedes C 180,7500,1994,1.8,440000,AZN,1.00
Mercedes C 180,37500,2009,3.6,123000,$,1.70
Mercedes C 180,7800,1994,1.8,245000,AZN,1.00
Mercedes C 180,9500,1998,1.8,545213,AZN,1.00
Mercedes C 180,6300,1995,1.8,330000,AZN,1.00
Mercedes C 180,14500,1998,1.8,153655,AZN,1.00
Mercedes C 180,7300,1994,1.8,275000,AZN,1.00
Mercedes C 180,8700,1995,1.8,382000,AZN,1.00
Mercedes C 180,8700,2008,4.0,210000,AZN,1.00
Mercedes C 180,9300,1998,1.8,350000,AZN,1.00
Mercedes C 180,9300,1998,1.8,350000,AZN,1.00
Mercedes C 180,9500,1995,1.8,261700,AZN,1.00
Mercedes C 180,7000,1994,1.8,365000,AZN,1.00
Mercedes C 180,9700,1994,1.8,327000,AZN,1.00
Mercedes C 180,8500,1996,1.8,288000,AZN,1.00
Mercedes C 180,38000,2018,2.4,0,$,1.70
Mercedes C 180,7700,1994,1.8,583660,AZN,1.00
Mercedes C 180,17200,2003,2.2,240000,AZN,1.00
Mercedes C 180,11000,1998,1.8,340120,AZN,1.00
Mercedes C 180,8400,1996,1.8,414000,AZN,1.00
Mercedes C 180,11000,1997,1.8,251000,AZN,1.00
Mercedes C 180,10800,1999,1.8,243001,AZN,1.00
Mercedes C 180,24200,2007,3.0,142000,AZN,1.00
Mercedes C 180,9000,2010,1.5,190000,AZN,1.00
Mercedes C 180,21900,2012,2.0,68000,AZN,1.00
Mercedes C 180,7700,1995,1.8,484139,AZN,1.00
Mercedes C 180,9000,1996,1.8,404000,AZN,1.00
Mercedes C 180,9100,1996,1.8,274000,AZN,1.00
Mercedes C 180,2500,1981,1.5,253000,AZN,1.00
Mercedes C 180,8500,1996,1.8,400000,AZN,1.00
Mercedes C 180,7150,2009,3.5,130500,AZN,1.00
Mercedes C 180,4000,1993,1.6,238000,AZN,1.00
Mercedes C 180,10800,1995,1.8,444444,AZN,1.00
Mercedes C 180,9500,1997,1.8,205380,AZN,1.00
Mercedes C 180,14300,1999,2.7,484757,AZN,1.00
Mercedes C 180,9500,1999,1.8,345000,AZN,1.00
Mercedes C 180,10000,1997,1.8,269547,AZN,1.00
Mercedes C 180,8700,1995,1.8,296438,AZN,1.00
Mercedes C 180,8700,1996,1.8,304000,AZN,1.00
Mercedes C 180,10850,1999,1.8,133500,AZN,1.00
Mercedes C 180,6600,1994,1.8,320000,AZN,1.00
Mercedes C 180,6900,1994,1.8,300000,AZN,1.00
Mercedes C 180,6500,1993,1.8,350000,AZN,1.00
Mercedes C 180,12500,1999,1.8,322000,AZN,1.00
Mercedes C 180,9300,2017,2.0,23400,AZN,1.00
Mercedes C 180,6975,1993,1.8,280000,AZN,1.00
